date,close,high,low,open,volume,MACD,RSI,CCI,DX,Turbulence
2021-10-01,88.74382019042969,88.92244686219735,86.65982937390882,86.94903909697244,10854900,1.145729730822822,64.28568954976606,98.6969649982919,23.348188357609768,171.42016978979584
2021-10-04,89.0755615234375,90.04525293468278,88.55669076080078,89.31373043292005,13305400,1.3288401864258643,65.07337627815282,108.25410260675672,29.81086491962872,88.55899341494971
2021-10-05,90.04524993896484,91.6699057972364,89.6709808138775,90.1983594456264,13017300,1.5345133778215967,67.34080693423434,117.46851902047348,37.9615057654239,48.38919393878403
2021-10-06,89.25418090820312,89.61143424321823,88.10586290873145,88.6162257429838,10630100,1.6150607888222055,63.70724084470376,71.80477285591702,23.127815595916488,35.669279967740984
2021-10-07,89.89213562011719,90.41951422363395,89.50085723284299,89.83259339791493,8830900,1.7106534577779655,65.33183809476762,85.3743936605337,27.464274247451687,1.937141535730376
2021-10-08,91.90807342529295,92.23130169444738,90.67468958980515,90.85331625088644,10586700,1.9268689240931849,69.91483979898202,123.51319914329132,36.15983469131515,138.19272419505197
2021-10-11,91.1255111694336,93.2520283332928,90.94688450642327,93.19248611228936,9794800,2.0118832670454623,66.2533846084093,127.51260184090498,40.48830848526641,118.38994289765267
2021-10-12,91.14252471923828,91.50828592209088,90.30892715589448,91.00642450905347,9085000,2.0569197076102057,66.29471248724036,88.20396202215134,34.35680016752525,194.98590694069057
2021-10-13,91.6869125366211,92.15474240727193,90.57261964713406,90.81928992114864,9220700,2.1121909361332314,67.6594780723519,95.58781326562618,37.34109858550422,214.07113079434032
2021-10-14,92.55453491210938,92.85225251944452,91.95911267667036,92.61407713565328,7648600,2.2006360945747616,69.76100251029281,118.83685785785087,40.48504070222357,170.90794406252547
2021-10-15,93.23502349853516,93.59227684159607,93.08191399584966,93.37111722891356,9968100,2.2991362501674644,71.33434775938522,131.2320246433815,43.71195969455925,185.9217687445529
2021-10-18,93.19249725341795,93.91551836725932,92.68213437100114,93.7539009668078,10677400,2.346715346817163,71.08542872517641,112.05131219784812,39.31728953873264,150.49460563238125
2021-10-19,95.01278686523438,95.01278686523438,93.39663896851094,93.70285796759056,10362800,2.502457510128437,75.0919486026638,138.67143067679177,44.34759383205616,104.7744058788366
2021-10-20,96.25467681884766,96.2631782150506,94.23022830869702,94.49391436252724,10811400,2.695027833693274,77.39345431714271,161.879166978931,49.486325932658495,165.69010096009836
2021-10-21,95.04680633544922,95.95695539323724,94.30678253916348,95.87189600729369,9372600,2.718835110361084,70.56412288156973,119.82876234518923,49.486325932658495,163.3443678030345
2021-10-22,95.94845581054688,96.01649942681848,94.8001313649553,95.45510227728988,8673800,2.7784301130532185,72.51391744267453,117.02717403655204,49.74261705201304,139.50502140560687
2021-10-25,96.84158325195312,97.26688665357752,96.37375340393524,96.56938933449813,9579800,2.864704966749798,74.32790212571565,134.2668790050646,54.91560864060647,124.7285619957014
2021-10-26,97.0542449951172,97.4795484407484,96.55239004428785,96.95217632151966,7463000,2.9166174844368413,74.75512511181233,121.59552418477487,55.74983971835808,143.24260531023626
2021-10-27,95.32752227783205,96.61194061166854,94.97026891015284,96.30572158519604,9096100,2.786307616465919,65.25890160385609,62.54137468751839,35.64103709740314,35.97588449142602
2021-10-28,96.2206573486328,96.34824319523452,94.91072191005703,94.91072191005703,7538200,2.723707439327896,67.55473566944691,60.94304218242819,34.93490209468217,88.42972784717145
2021-10-29,97.385986328125,98.06647447306888,96.24617614840233,97.67519606109173,15294200,2.7365830317937423,70.31150959536565,102.96943201139172,43.99494551112818,103.26314532461797
2021-11-01,97.42001342773438,97.8963512454168,97.01172572389687,97.84531690484113,11213800,2.7181990277766346,70.3906212013653,104.89405985466612,43.994945511128186,94.56407406599118
2021-11-02,96.8245849609375,97.1308039640322,96.29720634680424,97.1222960779419,9189700,2.625320411576851,67.02490393400576,68.73036796648523,34.93337778615367,50.48091919086992
2021-11-03,96.12709045410156,96.34824358217656,95.24245847295416,95.49763665679818,10416000,2.4669934962131634,63.21198027634002,12.87651779089424,22.66220191891192,12.4010476973755
2021-11-04,96.5523910522461,97.19034622735283,96.04202821008384,97.15632117259328,9673000,2.348761419398869,64.53674980722376,48.80259703772367,28.27091393983194,9.54683954132896
2021-11-05,97.5986328125,97.8623253615304,96.90964330777582,97.19884653557072,8102100,2.312823819642702,67.62533733113068,100.70770954476582,32.47900940484739,26.01880392797978
2021-11-08,97.94739532470705,98.6619020749322,97.55611689154333,97.89635449282218,7695900,2.2861321248571613,68.60685611938958,134.9253847730845,37.20005892163047,133.69577652032328
2021-11-09,98.67040252685548,98.77247769331734,97.36046709386574,98.04945662104,10945900,2.296842828830677,70.59699160174883,133.29909488244763,34.71790325564382,170.77077040357253
2021-11-10,97.09678649902344,98.84903477288736,96.67999090263773,98.46626423390688,10305100,2.1535289356628624,61.46406546321007,63.534350399721774,26.16835123775172,80.9462774647091
2021-11-11,97.10529327392578,97.53909814923897,96.60343179496526,96.62894896532298,7317500,2.017382933763912,61.493066501040985,11.649501936110996,25.205608086745983,111.97688306575388
2021-11-12,97.16483306884766,97.23287669155944,96.6204386598421,96.79907182710625,8682800,1.8924753326258497,61.71026513033608,2.013526042327741,25.20560808674598,139.4574329423682
2021-11-15,99.3678970336914,99.4784735935788,97.19884685953792,97.77725980667114,11050400,1.9487895758513645,68.73699583119375,148.9322750846582,40.61938320901453,120.14843270921942
2021-11-16,99.7591781616211,100.4396662908914,99.40192481408128,99.61457654327629,10566300,2.001915302819014,69.7971413425407,210.28822859852227,45.77090655946408,105.94019848899072
2021-11-17,99.31175231933594,100.26683902387902,98.65782416629206,98.838515358419,11108000,1.985032083790074,66.99930743120225,136.7998896369264,35.93893243846746,86.45956826747654
2021-11-18,98.47711944580078,99.27732699127448,97.58226976653302,98.82129593416096,8368600,1.8826026421174191,62.00611907356058,52.08894607583664,23.02257467272623,85.09520048665019
2021-11-19,96.29161834716795,97.3585596137406,95.59465911324202,96.80787982682436,13532600,1.606555525906117,51.23799626831706,-88.39337581522102,3.459004056154127,174.5979620475729
2021-11-22,98.01248931884766,99.1138488364552,96.23998269086628,96.3862555657878,9947100,1.5092484266049695,57.49702245411829,2.778061360804664,16.141695878488026,222.25404621110928
2021-11-23,100.0689468383789,100.53357760385754,99.00199894054,99.11386008727705,10366800,1.579859151769185,63.52267785097675,134.63475087922762,24.752311590358325,227.58160619285687
2021-11-24,100.834716796875,101.5316693758102,100.39589164198765,100.50774620261303,8500900,1.6782639143075642,65.48493917474957,168.584973010055,30.18003298997281,184.4700946163722
2021-11-26,98.52874755859376,98.80408742901533,96.91112007582429,97.53063642542789,11861800,1.5522841860139778,55.75790940013386,-20.85194462063214,2.4060320545664826,214.61585544827503
2021-11-29,98.82130432128906,100.81752024565569,98.70084352483237,100.1033551205045,12003800,1.4592301328250272,56.637924637992334,61.55132318712237,13.84349391572824,171.73603171648753
2021-11-30,97.11764526367188,99.69035320029413,96.74765663883686,97.61669434457148,24451200,1.2337907061254612,50.35638216588797,-37.95819850842754,1.4256595212138266,165.08795968223637
2021-12-01,96.45509338378906,99.86242689575792,96.44648716615052,98.90734024112037,12302700,0.9902509403032412,48.12117844889025,-54.84051640343612,0.3787759410928514,121.6563550593361
2021-12-02,99.07081604003906,99.5526591475986,96.30881125914382,97.4445889874056,11392400,0.9968201568635776,56.357426679012256,-16.09336576557037,1.2437237447839071,163.13204785729346
2021-12-03,98.44271087646484,100.671242058188,97.73714544205534,100.44752634885376,10445100,0.9405019498737204,54.13492441215946,19.33744789688494,5.90455599145518,144.39491049244384
2021-12-06,99.98287963867188,101.05842699521791,98.9933813223456,99.77637638430866,9833900,1.0085224929509025,58.4607620352734,81.95244135376876,8.317541082572715,103.80504101535549
2021-12-07,101.46286010742188,102.09958903379156,100.87776193146868,100.87776193146868,11419600,1.1683829274221864,62.15456680164648,154.40477481231835,14.65545539401604,106.88124641317138
2021-12-08,101.91887664794922,102.61583587940322,101.2391364169954,101.86725246955294,8827900,1.3166921892588732,63.23926493797156,144.62231020262524,17.69366102642138,93.80591993706268
2021-12-09,101.6521453857422,102.04794608028848,101.1703022036199,101.40261757653714,8334700,1.3966061576527693,62.11779039412235,106.68180246842664,17.0950954591987,78.65143471432152
2021-12-10,101.82422637939452,102.5642035599314,100.55938807578086,102.33188819609808,9090700,1.4570283357153784,62.57885663868623,94.53192745604493,11.667041381373188,34.07310581185571
2021-12-13,99.70755004882812,101.40261390769196,99.47523468431628,101.0670436230522,8533000,1.3189116644005594,53.89034786803857,18.146784585769392,2.5792138849909234,10.447760287162708
2021-12-14,100.0000991821289,100.6024031187678,99.35477072232128,99.58708607941897,12245300,1.2190075175721944,54.82393543857182,6.654015976425374,1.5898941638670698,97.85507695052654
2021-12-15,99.43221282958984,100.08614754538364,98.04690712929268,100.08614754538364,11069500,1.0815417388850648,52.5976696241485,-29.219296282396865,8.704838051444641,133.1868587777508
2021-12-16,100.36148071289062,101.6951621446287,99.74196434626704,99.97428626606111,11344700,1.035644999961761,55.76325582896467,39.20530432719844,4.162330979374928,213.3683543940689
2021-12-17,97.74574279785156,100.20659568355654,97.68551240825543,99.74195843612064,22727900,0.7792209406317028,46.37515385016838,-70.23650772960556,10.430442010491252,41.49882177884093
2021-12-20,97.78878784179688,97.84041202525114,95.27631025615946,96.24860291073668,13464400,0.5728726818059897,46.53467398440642,-143.42455900334178,23.884139540684405,101.03233381826143
2021-12-21,99.35477447509766,99.8710359495196,98.3394573973988,98.45991818927656,11368200,0.5295973650770236,52.115448202485936,-40.30521386406411,9.020344200763976,64.17487999850624
2021-12-22,99.92264556884766,100.395889014145,98.44269797503198,99.31173548058553,8345200,0.5349571629807883,53.9909268032564,-25.12447875580216,5.49706305525052,178.9389042849218
2021-12-23,100.1635971069336,101.4628538431107,100.15499088829188,100.24963959948644,7416600,0.552281262234402,54.79987542989093,30.9421739396618,1.4738297213815723,161.13598720275192
2021-12-27,102.21142578125,102.23723786964128,99.30314784753546,99.87103348600532,7745500,0.7229200232790305,61.06545389935252,63.50064278727083,3.9812159915953167,108.24001636903152
2021-12-28,102.01351928710938,102.68465982484764,101.56609445015734,102.09956833214902,6516000,0.8325855428181228,60.19699856226018,107.2159312123115,0.9126713844966404,131.08313317156646
2021-12-29,101.48866271972656,102.09097327776084,100.92077703516868,101.60052386466128,6957400,0.8671487673630196,57.84736179326813,76.85943740034645,5.255496595616272,116.56189327368963
2021-12-30,101.04122924804688,102.12538290868754,100.96378641854794,101.64353319028024,6016000,0.8486534809623407,55.84615625342335,71.67341113564034,4.991256525424205,104.9142798547568
2021-12-31,100.97239685058594,101.60911912532548,100.78309944237722,100.99820893995606,5706600,0.8190007037174922,55.52790615487896,60.25834190798291,6.321180513596045,92.06512155207037
2022-01-03,102.61582946777344,102.98581804061116,100.92076569371731,101.03262026146066,10717700,0.9175351673187748,61.21148742907735,105.21343327238486,4.632508531642003,145.1436206674073
2022-01-04,104.48298645019533,104.95622997535348,102.96001408084982,103.20953532361943,16413100,1.133225287913902,66.45660395987892,173.99813405270518,17.70132356058681,56.9743772524292
2022-01-05,105.16275024414062,106.55665582591097,105.03368321055618,105.1799561184616,15487100,1.3435251974366196,68.14543267764182,195.4963444981701,26.51030162505256,71.3819316731289
2022-01-06,106.05758666992188,106.96964882302984,104.66367478672036,106.36734486618889,13318500,1.5643622180943737,70.26759647964438,162.86934512750332,28.633159701258464,67.39616172524512
2022-01-07,107.58056640625,108.01939164195142,105.7908537189301,106.30712179134174,14164600,1.8410464472273984,73.50307036142628,160.9452929253832,33.86272623290244,283.91573717656007
2022-01-10,107.6493911743164,108.1484467549129,106.57384374955872,107.68380947966313,12626100,2.042331549018087,73.64265731148822,134.03761103235365,34.49820263322192,215.86438329852515
2022-01-11,110.11026000976562,110.13607210132494,107.40848501619972,108.29473517105065,14609000,2.373067743288587,78.08761225535193,145.0456452416416,43.50208036251816,147.9743217691046
2022-01-12,109.5595703125,110.50604421937882,108.81959311950804,110.12745596955148,12469200,2.561218372712503,75.03796265530113,128.88340417127426,45.01711665142957,94.61697306735026
2022-01-13,109.1035385131836,110.22211051327116,108.80237996842251,109.39608427542817,9691300,2.6430635556750843,72.51242927345517,103.86667552306932,44.82253459404556,60.71445638439783
2022-01-14,110.96208953857422,111.16858625452268,109.06912201205542,109.06912201205542,13281000,2.825327372777508,76.05025913203887,110.63422842357416,48.883925650898725,71.20487015662609
2022-01-18,111.32347869873048,111.85694608640028,110.02421540994062,111.59021239256536,12905500,2.9647579616562325,76.67880461108322,108.08428654515464,51.67016905286934,74.74608306905462
2022-01-19,110.9190673828125,111.98600211598634,110.60069639018684,111.81391713927204,12064300,3.0079513042468875,74.32797553788234,97.42996286367038,52.19627206625558,72.10792208007511
2022-01-20,110.52325439453124,112.59691304900667,110.0328050152195,110.368381862284,11370400,2.975938769556194,72.001291392391,85.57189968140803,54.70958241349809,65.93745542905383
2022-01-21,109.19816589355467,110.48020983097548,108.61306791869409,109.92953672097556,13055700,2.811238826121695,64.69955806002451,37.30652274926983,36.71963259237836,24.33756536234413
2022-01-24,109.43050384521484,109.9037473656256,105.69619955451957,107.0815052437719,19513700,2.6686975808154614,65.36282462466116,-7.992847061838129,8.742375309061142,2.0774288150352307
2022-01-25,114.0854721069336,114.2145456854268,107.78706616325698,109.37888172664556,19984500,2.8979439584383897,75.3543122649749,120.6445805790894,31.161989017460296,251.31014165524016
2022-01-26,114.17152404785156,115.90961254077988,113.22503696525636,114.3522086813746,17266500,3.051392483675585,75.49503697679137,188.19040370387543,37.64861530841143,209.4478658641122
2022-01-27,116.4774932861328,117.88001149284324,114.94591462510536,115.68589186475567,20654100,3.3207939457194584,78.96174087490293,210.7544587916196,44.227641214865805,195.1125395832577
2022-01-28,112.38179779052734,113.62943015460928,110.1962912402054,111.856930131663,24817800,3.1672975138169903,62.14542994909299,46.05830555347434,13.216659199802836,248.0809996161429
2022-01-31,113.00131225585938,113.45734329765892,111.28043643646777,112.02041356397578,16401800,3.0603621753578807,63.41462960157094,55.24712817227377,13.216659199802836,193.21304762210133
2022-02-01,115.97843933105467,116.79586598440456,112.29576551633065,112.57111199519434,16169700,3.1791966235851845,68.82416880267102,124.13945515453108,26.159412824916892,165.2504508058764
2022-02-02,116.51190948486328,116.84747977034422,114.26616584226258,115.59984733095308,10906700,3.2786263987270843,69.68903711739952,127.11873316879112,26.342308943205616,135.3302625599739
2022-02-03,115.47078704833984,116.46029871221442,114.6017493190482,116.0300796746802,9447700,3.236111453845197,65.84965104220171,94.76771917318202,26.34230894320561,120.82731605471383
2022-02-04,116.9163055419922,117.87999178442033,116.16771564438288,116.16771564438288,13034700,3.2812352776753078,68.44873676387132,114.41188171260411,31.7361510807198,100.18499266837364
2022-02-07,119.21369171142578,119.97086825012563,116.01286118870568,116.45167985758545,18422500,3.462462979061968,72.08502080124283,126.40630727905186,38.83959678717307,98.09781363040342
2022-02-08,117.3981704711914,119.11043380006,116.16773722380168,118.89532428604193,11021600,3.4201643216218542,65.64624974077401,90.84707661263153,38.83959678717307,102.06773922600934
2022-02-09,118.55973052978516,119.03297399291208,117.1056015310718,117.63906881901114,10140800,3.4407081779127537,67.637928481701,96.54469097666842,38.83959678717308,89.61456406344561
2022-02-10,117.05398559570312,119.42019021401072,116.49470611943654,118.36185509728288,11012700,3.2974770372120474,62.57350471692617,75.07815010651751,33.760362227330035,81.98811921157379
2022-02-11,119.43738555908205,119.979465649969,117.26047867210268,117.75953424114708,12821200,3.3378095931467016,66.80974451806783,106.80916273981757,36.06635507145151,98.33745966841536
2022-02-14,117.59605407714844,118.78346265986708,116.20214878734222,118.68881395937152,15945000,3.184484615982328,61.05964472027975,51.10280516748202,27.052642471955057,27.193136354116376
2022-02-15,116.73526000976562,117.23955516338164,114.9267573693414,115.7092898216771,11746800,2.9594004533873037,58.52381453788611,-2.593565231742976,16.99433510266718,42.793679554155645
2022-02-16,116.77008056640624,118.38729885522947,116.30055830382838,117.33523200300677,11348800,2.7521048096800484,58.598717813895306,31.10914985649724,22.90901066977097,193.02673475233263
2022-02-17,116.1701431274414,117.01353194660248,115.16155252164836,116.65704527724807,10073900,2.510472417801907,56.69881694741488,-31.06308275958256,14.211430069933574,296.1768150348251
2022-02-18,116.00493621826172,116.43098221407352,114.81376399243526,115.48326105240008,10691800,2.279371019241438,56.15884903762092,-78.61929939159464,11.614212997427211,215.5078427577584
2022-02-22,115.11804962158205,119.11762481263612,113.48345182095376,119.11762481263612,19428700,2.001584143491783,53.22822245022728,-77.98608792047744,25.67508967723856,219.61474925419475
2022-02-23,117.85689544677734,118.31771440149666,115.25717020251768,115.57887049658213,16134200,1.9796182053161289,60.14507422489987,4.964236767450328,25.67508967723856,131.11507337684932
2022-02-24,117.2482681274414,120.18707355397774,114.52681736637516,119.9262293814936,22108900,1.89129720599712,58.08923663276897,10.075733796700224,34.13104980851092,118.03305231626835
2022-02-25,122.05645751953124,122.16078989176457,117.75256142568917,118.21339369292262,28028000,2.1841058650905723,67.53132584469054,224.57168620932495,41.675940434183886,13.027361934090148
2022-02-28,125.20392608642578,125.20392608642578,120.55224713679732,121.09132861795418,24394300,2.6397043769520536,71.98127824663419,269.7289318195321,50.99611515749456,36.41080635502997
2022-03-01,130.1773223876953,130.38600040134546,125.81257012189457,126.08210426426322,31159900,3.363310843304319,77.28004325742329,272.0941851788239,62.10212588739873,95.90373764741138
2022-03-02,134.02041625976562,135.42026673876,130.46427889194732,130.59469438774892,31329500,4.198482248693566,80.36942743180853,230.3837515790579,69.36573247010548,125.42136313831308
2022-03-03,135.82887268066406,136.6113919190697,131.94233304460602,132.38575884409116,22492900,4.949237198187646,81.63494557419915,175.84458197894233,70.79213837520435,91.23461360743622
2022-03-04,137.9416961669922,139.07201216371857,134.84637867266449,135.4550062810289,29034400,5.649578280624425,83.012781583994,150.74200645755,73.53371553843286,91.37561619875456
2022-03-07,140.88917541503906,140.9413548565703,135.3941216775604,139.02850667961238,34824700,6.369022450119942,84.73352567323214,131.41047653147396,75.42122832306048,38.42587712465128
2022-03-08,148.27101135253906,151.28807928235284,142.6803145610532,142.8628961926881,57231000,7.448972487330181,88.00943563252486,154.72182979349725,82.75300234927444,101.80503115084824
2022-03-09,144.56707763671875,147.61022888905993,140.1675525203536,141.52392638437755,43430000,7.914728117645055,78.86492253087638,109.1337630351202,69.52721637085521,167.44556290977155
2022-03-10,148.52317810058594,151.94888582185538,146.32340225780416,146.71467517846082,34913600,8.505026404979219,81.12120936727099,119.38466135361423,73.14153759604233,125.1783745728599
2022-03-11,148.59271240234375,150.40121518125824,144.22797389788664,144.23666383898035,28423600,8.876134336164995,81.15928125416578,98.24230114565212,63.08102208954095,105.3964717162929
2022-03-14,144.95834350585938,146.37558682393117,142.85422328459606,144.51491765193222,25156200,8.775814719725844,72.88580920970452,70.30968794343845,56.65442039588508,154.73419395973804
2022-03-15,137.6199951171875,139.2806894353611,134.99418657261273,138.3416583015313,28534400,8.01181213202645,59.66088217339649,9.81642304491174,26.04784474474839,258.0042243396996
2022-03-16,137.12440490722656,139.55022541809768,135.82019719303875,138.0634227864053,22299700,7.282397641928611,58.88382072637418,-0.220409749292352,26.577602726079125,209.11816099936
2022-03-17,139.498046875,139.97625898125776,137.3069743944736,139.07200094995477,15750700,6.817279122706509,61.4721394940236,1.2114266235809004,27.462113882056915,149.9503855711151
2022-03-18,140.61965942382812,140.61965942382812,138.05472046926343,139.88930635345253,23214700,6.464653601596183,62.66804822749491,-2.987667129514762,28.856025073784124,121.15735261579924
2022-03-21,143.1498260498047,143.96713160418116,141.48044190913794,141.74128608329212,13180600,6.316545432979723,65.28575958977292,29.40239878434236,35.77144656291032,78.0432632361377
2022-03-22,142.67160034179688,143.68888058365067,141.35870292205416,142.32381698746696,11063900,6.090373786467865,64.36706064292032,16.143979677723276,35.256530827353195,52.3667150974331
2022-03-23,144.21060180664062,145.5061196414029,143.41068929538787,144.33232733515544,10755000,5.9665371570633,66.02404070433938,39.61821316434115,38.97692430111087,41.32037155185179
2022-03-24,144.5931854248047,145.54959659292496,143.46286925603633,144.70620775471934,9024800,5.832038922288575,66.44180968142828,35.932480797152834,39.06713876755985,26.45850971425621
2022-03-25,147.21026611328125,147.54066963776194,143.60196350457952,143.65412968905824,10254700,5.868970799853088,69.22908751075781,61.040956964798205,43.20792330237089,8.473549824018091
2022-03-28,144.63665771484375,144.8801087885788,143.57590092196017,144.24538474118737,9992000,5.625721078982934,63.63193793038177,28.973176824403552,43.0708675680055,129.5506653041013
2022-03-29,142.8716278076172,143.0107332274923,139.55023880858133,142.16734443002352,15102600,5.2302299252576745,60.04635912395907,-26.92961328545816,23.42239915819976,147.30645181003354
2022-03-30,143.88018798828125,144.63663746664216,142.2977562305336,143.67152324977062,9906000,4.941223367089918,61.38532925951773,26.94364529759945,27.738830194311525,175.5446187353927
2022-03-31,141.5760955810547,144.47143828336357,141.48045315183413,142.13255700549595,10395900,4.474681246386695,56.70955508867578,8.788632676498814,23.95645122794955,152.76301314348407
2022-04-01,142.78466796875,144.28885055130914,141.14136670638177,141.5326263846433,8795300,4.154573607288512,58.49539561708516,20.71195781001668,22.33794172814581,150.82389410995313
2022-04-04,142.91505432128906,143.85408531804873,141.72388237744883,143.4628257195034,8718600,3.866832646291158,58.69337251530701,14.383348117376745,22.33794172814581,233.96625312737305
2022-04-05,142.03689575195312,145.82779284951175,141.81083788879468,143.4889118816189,9538200,3.527275567086491,56.73063871760392,18.23184322003196,28.628812669720983,186.46361198889792
2022-04-06,143.29766845703125,145.21050407359397,142.88032564018403,143.31506161063416,9269000,3.321618406666431,58.85783709682884,35.88452496773707,28.628812669720983,163.90420214495117
2022-04-07,145.2887420654297,145.81041718151016,142.08907896503874,143.54979847765478,8018400,3.2814698832845863,62.03234548651761,62.26219645309703,23.96025418425297,135.6210653523951
2022-04-08,147.74932861328125,148.76662223928702,145.21917589513612,145.2452589863582,10801200,3.408904925668338,65.5681314269511,201.17647290509584,33.64961894307905,118.99384928945398
2022-04-11,143.94973754882812,146.74943758182116,143.38458623095528,146.56685594802224,10206100,3.166797994466549,56.775549258497,41.54344434757697,23.16103075875745,70.07882392704994
2022-04-12,146.94943237304688,150.1403924657343,146.2016860524793,146.9146593366173,9528400,3.180316105633977,61.19927659330806,175.83862732873257,33.542546312168874,45.03368633881655
2022-04-13,149.26219177246094,149.61867832161877,146.32337344432352,148.6187779959627,7330700,3.339157927092941,64.23817773232447,156.2689767440272,33.54254631216887,23.74739399961385
2022-04-14,149.192626953125,150.3664189065302,148.2970722767369,148.41010782891058,9421100,3.420004235501608,64.07561782542585,154.67027525389767,35.762115895208616,26.84602664785733
2022-04-18,151.1924591064453,151.757610500767,149.43612225883547,150.41862969246813,7639000,3.603901723146464,66.68561812592198,149.62871482576602,39.79119461450173,35.308072566231175
2022-04-19,149.40135192871094,151.01857012584497,148.70577178434692,150.48819175831477,6970200,3.564030501588604,62.31863144062437,99.03084570258362,35.00390278174376,24.42029380143331
2022-04-20,150.0099639892578,150.92291200465942,149.07963609069202,149.21874149143733,7495000,3.540726882672772,63.20048296302773,89.99348223610136,35.00390278174376,13.725655326314184
2022-04-21,143.09767150878906,149.93172043870433,142.44556765390055,149.3230928275591,14594800,2.9307109505198525,49.13572141989172,-32.68226554522459,0.7884543823757655,196.6393057590681
2022-04-22,139.94146728515625,143.87148307898548,139.86321801635538,142.92376211128075,12160100,2.167602849648489,44.289126073696046,-125.6258087061627,10.71179396642527,220.52921121966244
2022-04-25,136.93310546875,137.68954161697468,131.60323959876277,135.40282675609342,15449800,1.3050408268633191,40.21719127539152,-213.9648230198058,33.592182615903546,194.13907559285244
2022-04-26,136.09841918945312,139.43718770255506,135.9766936686761,138.0895170321973,9810600,0.5477874496733364,39.14190632393894,-148.85346192934017,26.222234612048343,159.8015589526854
2022-04-27,135.84628295898438,137.30698925941513,134.3507903559221,136.57663610919974,10396600,-0.0718582568197234,38.80439418029888,-139.23077732800115,30.086528570813343,129.76998218827129
2022-04-28,140.67184448242188,141.72391125625987,134.7072670731007,136.89833984534394,9366400,-0.171571685885425,48.039069566852575,-75.16075509748524,12.80153005404622,167.8230089420018
2022-04-29,136.2201690673828,141.23702594298305,135.8897654803008,140.22843529500892,14713200,-0.6028589162860385,41.77598329950331,-77.26324474400174,12.801530054046223,159.103942168472
2022-05-02,138.8981170654297,139.11548501075902,134.89854156453578,135.90713201496453,11559000,-0.7202663486214078,46.310649156456165,-67.76043856284033,15.716285344836637,138.44538078277304
2022-05-03,141.28048706054688,142.0977794631643,138.47208340535374,138.74163082583615,8827200,-0.6139974558420818,50.03859445034343,-26.483385062977025,4.408148364270515,112.5697239869352
2022-05-04,145.71473693847656,145.9755810623674,142.13251832276404,143.4367256751351,9183200,-0.1700118948172644,56.14266138220072,28.902347962432877,8.15941201865565,128.31392762990183
2022-05-05,144.5583953857422,147.37548915819224,141.4196012511585,147.1668111230553,9807600,0.087533727360892,54.280243722221634,34.13343774802678,12.265114936423268,113.17836787277442
2022-05-06,148.4101104736328,148.6535614618194,143.8279913976141,146.305990780258,10418100,0.5955762733736663,59.14220720574805,80.09029619492172,15.959010436577827,123.59845504529464
2022-05-09,138.46336364746094,145.8538728531339,137.79386674581036,145.8538728531339,14110700,0.193355429861441,45.64335270075361,-8.890959565923922,4.487377658117754,230.5409819085385
2022-05-10,139.7936553955078,142.75855700303114,137.2634896271961,141.0370067945371,11636000,-0.0178582018764359,47.37338935672609,-12.045578850871124,6.055353337578083,205.97020509078607
2022-05-11,141.863037109375,145.60176889909246,141.2978724192163,142.22821371203278,9105500,-0.0180565720534389,50.03734241449224,63.07099261355396,3.125772441089401,128.43869615098907
2022-05-12,143.21067810058594,143.33240359817546,138.124263755206,141.91516059495973,8936400,0.08949790727263,51.75025224953301,29.313947392362127,6.59421990026807,97.29530502845392
2022-05-13,145.95822143554688,146.75813386998448,143.35850934039624,144.76704935896177,9229900,0.3919215641514881,55.12794363565551,102.73283201351626,3.931770524473961,71.39650390828331
2022-05-16,150.42730712890625,152.1314776466966,146.8190045667969,146.9407300847043,13296300,0.9809050934937886,60.02939256668556,163.26113590853026,17.665468122613188,76.96279166065962
2022-05-17,151.3141632080078,152.72270315673904,150.07951495082227,152.01843318237343,12827600,1.501927373864163,60.941165996992765,160.2311328103322,19.036942863595133,62.82187315049021
2022-05-18,147.32554626464844,152.64666466201814,145.33560443243582,152.63788985415127,13107500,1.5748394627312052,54.87801424614318,88.26162320428928,4.058961450343797,59.39630171534086
2022-05-19,146.27357482910156,148.71059003934283,142.74077891726876,144.31870580280645,10958700,1.5300994809425674,53.36984553829436,33.3325362029527,3.121545071146706,8.920161271892555
2022-05-20,147.1151580810547,149.93787720351656,143.84533844126886,148.044378088159,9615000,1.5447446038458563,54.448377957439256,46.55337910785722,0.3798841512726881,32.68399411116833
2022-05-23,150.53395080566406,151.620969933196,148.24596046855447,148.52647333539102,10216400,1.8113389818289816,58.63408960858037,104.5079432964656,5.136954136269536,37.788603061859774
2022-05-24,151.34048461914062,152.16451396071002,148.85963516305245,149.63106916388017,9782700,2.063906061018116,59.57776000010089,100.49222168573644,6.686654117043964,103.66744264684849
2022-05-25,153.7687225341797,154.27716640150075,151.62975639449442,151.7787809696391,10174500,2.4319715429384416,62.36170722384454,126.89799563363064,12.6590229413796,116.91599205012308
2022-05-26,154.80316162109375,155.97783557753488,153.41809290889796,154.71550717170342,11213900,2.775146516698925,63.51452070638247,126.2854546801874,17.25042272759892,155.87937426767363
2022-05-27,156.28463745117188,156.34600759566015,154.0141828772508,154.7417829229002,10512300,3.1305706049026867,65.16032270767779,123.06525320461832,18.252308438097707,317.4762432200326
2022-05-31,153.1112823486328,158.63402095982065,152.06809675386896,157.75739620808392,20547600,3.1202156161999426,59.01904810698604,96.93270482811404,24.37979948453381,203.987147003619
2022-06-01,154.5664520263672,156.15314037248203,153.35670582823343,154.92585793744254,8824100,3.1926266322070944,60.84159989140583,89.11431053330278,24.379799484533816,167.79326787533563
2022-06-02,154.28591918945312,154.7329928898438,152.6203379123313,153.18137708342562,7441900,3.1905970123767133,60.2849762100152,63.72699533269512,20.99464111706328,139.21407861744183
2022-06-03,155.68853759765625,156.2583382491949,154.2859328575501,154.2859328575501,8435300,3.264536562025796,62.14952152045355,86.59174271153204,25.51679665646856,125.75071009470318
2022-06-06,155.01353454589844,156.0391837553223,153.85638361656058,155.9515159420463,6734200,3.2314173154622097,60.67324994311248,66.37661014491329,23.37515836617888,134.12705720682445
2022-06-07,157.96775817871094,158.37101140050552,155.0924304163955,155.57457664585735,9668300,3.4043084825616745,64.63284611808216,101.96846603324424,30.325211273724072,105.78006272783982
2022-06-08,158.7830352783203,159.89633901003174,158.01160126636236,158.6252358775874,8715200,3.566005336724544,65.66040005672599,131.20901198947948,34.509740450148705,133.37066054886802
2022-06-09,155.61839294433594,158.35345724382577,155.5044274731142,157.8187157364277,9764600,3.399602568053126,58.54939479881502,71.6669684095576,21.584055753593415,93.8619638879104
2022-06-10,153.7599639892578,156.53887600439484,152.22587079459095,154.61029100154306,9529700,3.0822373760330493,54.79633891111878,-19.06202547088936,7.091712076416187,70.0070872317386
2022-06-13,146.68557739257812,150.77941215226252,143.81901156736274,150.4375291365013,14614900,2.234125689375844,43.39346211535516,-265.30864396884226,19.428601858821736,21.03822242055466
2022-06-14,146.87844848632812,151.0336403620948,145.37941459519516,148.4738982383951,10269300,1.5595763276572256,43.73721563012396,-202.5475427196889,18.473131290829777,35.53722182210581
2022-06-15,143.99435424804688,147.14144677753907,141.9605920996606,146.20345202017808,11565300,0.7832400927423464,39.841042602085615,-200.01136370072533,26.938310791730707,56.06010381230927
2022-06-16,136.29757690429688,140.73329484441405,134.78102022692494,140.20732815707058,18125900,-0.4479142964245,31.720109375301853,-214.3591911562186,40.83229527285954,233.97317959082648
2022-06-17,130.07357788085938,136.28884382292463,127.80310973119786,135.7716384577769,35575100,-1.903890856229168,26.93831452578639,-198.92489648629376,50.65425862071575,212.1990968081819
2022-06-21,135.5174102783203,136.77099056528044,132.7560478010806,133.29078940753195,13772000,-2.588650637974069,36.022819623052065,-126.6645678519203,48.81602036886352,234.07709583683905
2022-06-22,129.62649536132812,132.19501279204985,128.27649915416544,129.80183100941818,13735800,-3.5655735869875684,31.463671768827663,-136.70046021718213,54.38491017913343,196.25545108520888
2022-06-23,124.85762786865234,130.81867746636428,122.85892497062969,130.43296052530218,15713700,-4.670758220678948,28.337034108549048,-131.4219747110954,60.04657189358548,167.23712646033007
2022-06-24,126.90894317626952,128.94270522995362,125.00666945804132,127.2858853220626,11108300,-5.319777915177923,31.49072672574475,-104.31703390433978,60.04657189358548,146.6963898121497
2022-06-27,129.36349487304688,130.45927559111675,127.6365433912704,127.86446096518632,9242400,-5.571840185311061,35.16729929275618,-77.26567959155645,53.84714027159792,140.69222984076484
2022-06-28,131.4410858154297,133.41349103264506,129.83686130028036,132.26511502415184,9183300,-5.540094365250241,38.19086220991213,-54.22438101573105,42.28522983677993,118.11159640504978
2022-06-29,128.8462677001953,133.34335575059538,128.06607241549668,132.92257972798552,9082900,-5.659081343167173,35.936653660692976,-57.64772290662697,44.9555481303555,99.73961006460172
2022-06-30,126.91770935058594,129.67031007759607,125.71673792110012,126.7160894366075,10685000,-5.841658913946503,34.315459633604384,-72.42781733896224,48.3686724235911,88.00319661347741
2022-07-01,128.43426513671875,128.82875690710725,124.89270764360496,128.51317151653436,7684600,-5.797153598552796,36.73252370285554,-68.36161018133211,49.55029872435306,92.70619597994722
2022-07-05,125.05924224853516,126.7072870528262,122.21021289991408,125.9270918585606,11513100,-5.965452928301119,33.755561320271624,-96.1629495456618,53.29734311882625,57.74597405530388
2022-07-06,123.41118621826172,125.58521105989873,119.92222473127354,124.18261999726047,12421200,-6.160797865096669,32.37574193338427,-122.37570860790277,56.28004291557976,42.47266337914533
2022-07-07,125.81320190429688,127.3735930633156,125.42748483105925,126.3216459211798,12741800,-6.052023582901228,36.452932160742144,-61.5312345148117,48.30705740929129,66.41257666478475
2022-07-08,125.15573120117188,127.50507933392868,123.68299452552075,127.00541013456676,7915500,-5.950280442593993,35.81639238009532,-70.05382749050614,50.93653010219021,70.62596223496789
2022-07-11,124.05113983154295,125.22582693781357,122.66607138629765,124.40179769021688,7056800,-5.890873243148803,34.719469520060514,-97.15618303834798,52.45479783104814,252.4557429662792
2022-07-12,121.7806625366211,122.39429695394143,120.32546279252774,121.41248188622887,8653900,-5.958317378299199,32.51512307480776,-152.7507605092391,55.84188212711503,278.9024447475515
2022-07-13,120.96544647216795,123.36738957555434,120.2203101309644,120.63232480769138,9414600,-6.008288653107883,31.73601201129476,-129.92326454730951,51.02486886662435,249.89918097306045
2022-07-14,119.16834259033205,119.36120106001128,116.18781111652592,117.73944030395288,10150200,-6.122328125049108,30.02787127075705,-167.6462885879719,56.96168610572852,220.28643442945852
2022-07-15,120.6673812866211,121.81577084807918,119.59789811192924,121.81577084807918,7051900,-6.022323734130438,33.25498647604949,-93.22768652986824,45.407221023830914,179.44051280197425
2022-07-18,122.3592529296875,124.60340957578424,121.92094066673958,123.21834121972137,7943900,-5.740378126024979,36.79789683778401,-37.78517563718513,33.397075085320886,156.03217626726044
2022-07-19,126.76868438720705,127.11932887794916,122.2190005569978,122.4556929451752,9152100,-5.102313637296646,44.99307787928529,32.09328857111713,23.48379917007154,96.25098830080256
2022-07-20,128.44305419921875,129.09174791345026,125.6378578473534,126.67226856800976,7856600,-4.410691575513695,47.762946475624645,107.23021017157252,16.193586378157214,87.51829856630165
2022-07-21,127.4612274169922,127.5225975672513,124.04239640026891,125.46252414933372,6724200,-3.896880511724476,46.29095224159915,71.80836520586445,20.292791352816423,81.101786210092
2022-07-22,126.4005126953125,128.25019127510333,125.72550795733704,127.60148420700204,5889500,-3.53452851063642,44.68859230364024,87.88098298787553,17.470901965833264,72.965979309082
2022-07-25,130.1612091064453,130.27517457804774,126.39172087582035,127.72419393376364,6210900,-2.9103563913957515,51.14547795044896,126.8401604063396,9.75408379022631,58.85606789169654
2022-07-26,129.1443328857422,132.08977848145437,128.4517920125705,131.0553679509929,6112800,-2.469284527643381,49.464033926042426,126.4310325210868,3.211048939897982,54.90814026564384
2022-07-27,130.844970703125,131.66899989000157,128.56575498272608,130.03847775194737,6223000,-1.959911993372188,52.28905453037601,119.441238465019,3.21104893989798,56.00120667213245
2022-07-28,131.83558654785156,132.78234281786754,129.7667517451273,132.09857663000565,6574300,-1.459472282402345,53.90545404002736,119.4658951561659,0.9890382370302188,53.84305748204491
2022-07-29,143.57357788085938,144.34501181980008,136.66577165802133,137.22681087464275,17143700,-0.1143937440247668,67.81823044362831,230.8739376574755,31.957821612236987,312.0647302727362
2022-08-01,140.70701599121094,141.89046460435955,139.51480594711524,141.29435289419646,8017800,0.7120747463449675,62.830669950757056,170.51838092727792,31.957821612236987,232.79891817356483
2022-08-02,139.5060272216797,141.54856398249623,138.76966582649737,141.04012014975734,5928300,1.2556726105028702,60.81277366275037,130.82423235897429,28.943500318355635,184.67517345249925
2022-08-03,136.1923828125,140.2248608617315,135.3069968832188,139.65504691117252,8751400,1.402922407495396,55.51504750432114,81.65550291057278,15.715241666327676,162.70961968385757
2022-08-04,132.49302673339844,136.2625147682731,132.1336074771855,136.15732410839746,10640000,1.2071960095698273,50.25182807681047,26.69363646024795,5.076152161746999,159.3247203062905
2022-08-05,134.6846160888672,135.88558762710616,130.63461432394422,131.17811734833305,7170200,1.214919538018023,53.089292798201846,19.187969068589545,0.3812405612464549,136.0949712843637
2022-08-08,134.4829864501953,135.85928015087947,134.25505548772378,134.64077246154005,5966900,1.1910410829991065,52.79096561826172,27.67171229104348,0.3812405612464531,101.82983811331196
2022-08-09,136.23622131347656,138.3313534035262,135.52615758491584,136.70083124392318,5842200,1.2986189653628912,55.15095212468998,48.44766215211978,8.224241956191491,88.20737627642231
2022-08-10,136.59567260742188,137.16547333459204,134.0622142824763,136.75345863910644,6145800,1.3967787317989462,55.640567469998615,27.43202258596997,3.050113093594884,73.15835072370211
2022-08-11,139.9268035888672,141.27681285952437,138.1735545239723,138.60310536031392,7888600,1.7234980717510382,59.9988068497392,84.91484819467094,15.297727874125838,64.30672521602231
2022-08-12,140.12843322753906,140.1810285579251,137.75277492068605,138.72582866151262,7244700,1.9759181745505716,60.25335673245703,67.31061191641064,13.71438260434133,41.91054553373783
2022-08-15,137.46348571777344,138.32257398251056,134.5092654328878,136.03458350224557,8975200,1.9385772209842853,55.24905190202152,4.618545045880239,2.0776580677785765,41.78496033098212
2022-08-16,137.11285400390625,138.43655230654016,136.59564871111183,137.9894785854139,7218400,1.8592588189815729,54.606432940105,8.735954485798421,2.4554131423653867,28.589384916197886
2022-08-17,138.24368286132812,139.6813465258984,136.3238730399325,137.3057015891665,6741100,1.866135206962042,56.36903353009309,17.70741227676452,6.689119964276065,11.240189291570898
2022-08-18,140.66748046875,141.2336174277777,138.96021505467328,139.0132882855556,6477500,2.043607568428115,59.957925019558246,98.42787856655546,11.828385271818115,340.0504117753629
2022-08-19,139.490966796875,141.30437857440666,139.42903903235634,140.1721047177347,6834200,2.065510948248516,57.48612223192367,95.15564632392162,12.066144234910846,241.62872643735764
2022-08-22,138.7921142578125,139.5351798412387,136.5983356487287,138.6063579852814,9147000,2.003384209114216,56.00906011302133,38.68530071861581,0.402438596946415,189.2666503538273
2022-08-23,143.2947235107422,143.60432187870137,140.39326970336668,140.73825922626284,10354800,2.2910613287257604,62.66507682573715,151.6522170308299,14.223012551119174,147.24569619886162
2022-08-24,144.35621643066406,144.49775404284378,142.12704628102708,143.0027950713983,9468100,2.5750179222758334,64.04620328982386,160.985214334483,16.948038761305064,156.0561132010862
2022-08-25,145.6211700439453,145.8688541106534,143.84314938698324,145.00195987717512,8050700,2.8690540838400693,65.67573068941617,168.97803017162337,21.091070845446318,135.74863538472064
2022-08-26,144.55081176757812,146.95689692546378,143.71045421927846,145.23193614481352,7765800,2.9813438170495203,63.07086721394954,140.60892813342917,24.317523203848136,112.89620855392717
2022-08-29,145.6300506591797,147.57614588799663,144.7543017322148,144.97544922407516,8462600,3.1214378065915582,64.59565604895806,130.40696723691516,26.16785070543312,99.7494455402976
2022-08-30,142.0828094482422,143.79891582099074,140.4374718792715,143.58662290742626,8814300,2.912655305142636,56.358821960077165,27.62415403569576,6.601839673836847,60.51329701456453
2022-08-31,139.8182830810547,142.78166476484202,138.12871306435477,139.42022030953265,13582700,2.535240640184611,51.816322005614005,-21.23445163936963,2.1391552527436257,57.56552613640194
2022-09-01,137.58909606933594,138.7744566985499,135.5456957239045,138.4206126682735,8244400,2.032826874508487,47.73739834718068,-89.3027870444704,10.93793354499485,38.28049645064223
2022-09-02,139.6324920654297,140.76476582205356,138.63290136709458,139.9774815147484,7526600,1.7790376859946946,51.50581872175535,-38.29384152156601,3.2356251771902844,32.646559540293445
2022-09-06,138.9867706298828,141.52555300149456,137.7395090406948,141.43708860610968,8550000,1.5084155270756412,50.27222049889074,-51.56269224907912,6.377769866142422,17.28609479022368
2022-09-07,137.20870971679688,137.83677434652185,135.0060764915993,136.2798878267609,9442100,1.1373600815558405,46.93847436870682,-120.5915835929549,15.42665394781404,53.146375240271446
2022-09-08,137.9517822265625,138.33216287488804,135.67839336685117,137.6333293456873,9232500,0.8929621967389494,48.47620939232849,-91.09585585667574,13.289537852204836,8.487638601962775
2022-09-09,141.50782775878906,142.10934232844224,139.34942654246868,140.12786986580227,8261100,0.9749793129519162,55.17159858871277,-0.8518549014092516,1.660920401954272,131.42653225953512
2022-09-12,143.745849609375,145.5415659123659,142.6401123046875,144.02007030129434,8920800,1.2066585195705954,58.80024266316166,64.80320120775983,12.907904372145069,144.77389214112586
2022-09-13,141.01246643066406,143.88738334535824,140.41979287105946,142.78164607047586,10308300,1.1563748122713091,53.14237297302786,10.179709580606858,4.575604471654341,20.828931135449352
2022-09-14,144.42697143554688,144.6923510585822,141.84397100005754,142.36587571010708,11160800,1.3761828503918991,58.51270197928432,58.90095877068405,7.248064461521177,126.50330041977452
2022-09-15,142.0828094482422,143.03816805258992,141.162841994668,142.13588267663332,9665000,1.3457154527766877,53.94190986212782,26.292761468850063,4.579162920350453,142.74335417595276
2022-09-16,138.39407348632812,142.54280186720348,137.651021283184,141.9943605026594,43741600,1.0122510565120706,47.63595539837425,-38.02701109877118,8.116830829416998,211.15754016062823
2022-09-19,138.7921142578125,138.83634644100422,135.16530469813395,135.2802921771118,6813800,0.7712066929871071,48.33778583690247,-87.87456974339813,15.899426261015334,178.5294942324877
2022-09-20,138.24368286132812,138.74790548977347,136.52757661385675,138.031376465493,8955200,0.5298160780501462,47.39521723861732,-69.74989824115963,15.899426261015329,66.3893224677865
2022-09-21,137.1202392578125,140.45514607777258,137.067166037499,140.03938785496047,6877000,0.2450351540663859,45.44050421880561,-50.56470195312468,8.57409623672463,20.9166356190989
2022-09-22,137.01409912109375,140.01285768668245,136.8814160642053,139.41134316509783,6981100,0.0106567536677459,45.25062121931713,-61.43822418265997,9.246189426723667,37.42787374380626
2022-09-23,128.0620574951172,132.8476776201952,127.08016236637954,132.46731051966836,13919700,-0.8872174704110023,32.80097877821401,-248.13347041284828,35.986626519305595,307.466507670178
2022-09-26,124.69180297851562,128.30977256745248,124.62987520423384,127.0005832451084,9444000,-1.849421653330836,29.50930625567385,-238.8342562121322,40.69142633633546,234.13933282280323
2022-09-27,124.7448501586914,127.17747196796044,124.24948205899229,125.86826942130604,10121000,-2.5779776152815828,29.629010008692685,-177.64735910364067,41.41134649193889,184.66676392133024
2022-09-28,128.95553588867188,129.53936855878086,125.08102716602328,125.68255541643728,8279800,-2.78350974814731,38.54928299862976,-107.48828973795324,30.795095159104516,198.73915741711448
2022-09-29,128.0620574951172,128.62819437579137,125.85058319595744,127.83205552943308,8197600,-2.984092917848216,37.46406911761777,-89.791150729713,30.79509515910451,132.1521380697232
2022-09-30,127.08902740478516,128.3893756180796,126.04521781738988,127.4074803039138,9402700,-3.184858850969732,36.26668419450112,-77.95230625320387,30.795095159104516,94.1523678499412
2022-10-03,134.2188262939453,134.75842669113374,131.1846893131016,131.7773629464444,9597400,-2.737100524212053,49.10314925324304,-4.984626413738718,4.398442590673534,187.8677694142307
2022-10-04,139.43789672851562,139.65904418206068,135.8995374717947,136.60719852492338,9520200,-1.938764586539179,56.076983892013885,60.88842543886564,10.558924976191712,176.17123172439008
2022-10-05,140.23403930664062,141.29554451387853,136.93452267573767,137.85449025593826,10633100,-1.227683579719525,57.043898170810245,80.06788517634541,14.94149502877158,144.59439367748968
2022-10-06,142.79049682617188,143.25048734320012,139.057526452324,139.18136849562734,9498300,-0.4526442015395844,60.082615544587824,103.75870297888824,19.98536554172252,114.70686816355796
2022-10-07,141.56089782714844,145.01079248263818,140.7028446824656,143.754676646594,9972500,0.061651051545823,57.95890548104106,101.9252185954232,24.33620333406976,102.23004716041312
2022-10-10,139.00442504882812,142.83470007316276,138.38521495779926,142.4189418339503,5904500,0.2599512014014919,53.70830582267436,70.4550229408601,15.436274239506387,98.23983584348204
2022-10-11,139.03099060058594,141.47245382389846,136.32414771222912,136.8902846986974,7533300,0.4144713491334926,53.74626695586379,56.41806391209191,8.030537423885098,86.80324768364464
2022-10-12,139.4467315673828,140.4816999842246,137.57140556398764,138.1198469051084,4942000,0.5639753442903839,54.37680379398464,57.15722535817487,8.030537423885113,86.73829148383145
2022-10-13,146.2050018310547,146.83306653136745,138.30562135454997,138.30562135454997,10227500,1.2138023091729906,63.16699372556288,93.83940734073346,25.18441902059439,73.08751804007342
2022-10-14,141.65821838378906,146.3642428761699,141.47244857581828,145.1081134080758,7327900,1.3463871227986033,55.42939679283544,79.4356555285963,25.18441902059439,63.32439240427888
2022-10-17,142.69320678710938,145.8777360979924,142.5074504510081,144.44469115920913,5890400,1.517483848008908,56.72876164661509,81.9995577793965,25.184419020594383,79.37977623843209
2022-10-18,143.94046020507812,144.46236497252033,140.61440725754613,143.62200732196987,5631200,1.7337367247722,58.30621956036699,70.67890209518293,17.05680935991066,111.0661315647427
2022-10-19,148.61109924316406,149.68145893268436,144.71005464856614,144.71005464856614,9766800,2.2559945232828227,63.65022047266735,143.7030396912226,30.46150926830249,101.56470845767596
2022-10-20,149.4603271484375,151.99025500048694,148.5580416003966,149.7610844985272,8871500,2.707206198054763,64.54016831267512,180.08884713548338,35.43273932249299,134.5989523176634
2022-10-21,153.20211791992188,153.77709592195822,149.36300121943856,149.62836737559692,7971300,3.3283586976890263,68.23086297343791,193.11131924766065,39.06352748190763,202.0734256236011
2022-10-24,153.14901733398438,154.51127951743325,151.80443722594117,152.22019546002187,7007700,3.7728506811716898,68.1225035852493,159.67481559226368,40.5429604756978,199.6653332913563
2022-10-25,154.74130249023438,154.80323026126874,152.29983926073976,153.08712372044337,7280600,4.205123835325679,69.67759369535696,132.18997367484013,41.15477364434935,163.91027186466565
2022-10-26,156.65200805664062,157.88158736709738,154.95359722118903,155.08629379291196,6865300,4.648298701167335,71.47581135935816,133.33790892613874,47.31119053617312,142.7184043284945
2022-10-27,157.36854553222656,160.4646103341359,156.99701937573,159.12888437879556,9177400,4.99970309609094,72.14299117999803,127.2562610939595,51.8620969389756,133.4987438381127
2022-10-28,159.20849609375,161.7561194797921,156.15666345292044,160.52653998401206,10773900,5.364819939231353,73.83536467970355,114.90587081540188,54.00142692830927,148.84822006909445
2022-10-31,160.02227783203125,162.62297381533114,157.51004622143242,157.51004622143242,13281000,5.6546596565492,74.57118919728032,110.70316388155334,55.43307605898463,136.01953192651806
2022-11-01,161.18995666503906,163.20682035711027,160.906881446195,162.64952445611686,9185600,5.910449659285462,75.63022639415775,115.78229922407525,56.41696698310732,128.79948045680354
2022-11-02,157.89927673339844,161.7914663910245,157.69582486208083,160.0488234335291,8087500,5.78099499840053,67.14357187448044,75.41048797757648,38.329305509888215,155.4866953855515
2022-11-03,160.2257537841797,161.16341680663118,156.9350786690829,157.43044679432,6607800,5.799278034539896,69.72973085270826,70.22976507831073,34.365052191486164,208.3845894442337
2022-11-04,162.25143432617188,164.00291807908852,159.75689849598967,163.5075500275781,7491900,5.909106461821807,71.81030016396626,93.67362153056274,41.14487651067972,173.12092544452645
2022-11-07,164.188720703125,164.86985865913798,161.09265626386392,161.4376457614708,7578000,6.082355493758911,73.67392933574986,108.34567202662568,43.07815411121575,147.84015783765415
2022-11-08,163.94985961914062,164.75483952419975,162.64067057974626,163.93217754268554,6308200,6.129722876824758,73.0328327672144,109.34279023129368,43.07815411121574,162.0188893358084
2022-11-09,157.3950653076172,162.59645793750263,156.76701407376197,162.41954266730835,8021700,5.574090107916334,58.09338197941555,5.778955169638496,13.725016410596922,10.173659737917744
2022-11-10,160.3761749267578,161.28730157663273,157.49240279419166,161.1988371746405,6981500,5.3130522089261945,61.90961918692452,14.85237920188008,13.725016410596936,14.357272488647135
2022-11-11,164.94064331054688,165.5067803224851,162.66724072497286,162.80877835240017,8428300,5.412104869006271,66.88249186907782,133.32336270569863,26.318832014442613,31.72965735424718
2022-11-14,165.02024841308594,167.78900561939605,164.69294097186264,164.80794197805764,9722400,5.434384085294255,66.96349866596913,145.55268321333094,32.09277906670426,40.5811121736783
2022-11-15,166.3471221923828,166.69211169023964,163.88796351580947,165.5244466219428,7747300,5.495756489733964,68.35303302926481,119.28985746800936,28.274509855451807,47.43163680514596
2022-11-16,163.64027404785156,166.1436648335058,162.48145005694877,165.01137745711983,7941100,5.265279672682993,62.57116166650082,64.57659305844243,21.65736369980795,87.1860828360308
2022-11-17,164.10382080078125,164.22862081820816,160.69855540974353,161.80392310632982,6550500,5.061681569270689,63.14608325848925,25.21844822133648,13.65384492457689,82.26539447564775
2022-11-18,163.1232452392578,163.49764527344692,160.14585022077688,161.31363827291992,7661500,4.766261852922753,61.01115292144807,-4.390054129878006,11.211291919312524,86.98200645190232
2022-11-21,161.56326293945312,161.9733143527957,156.73169947244753,160.21719089459208,8432900,4.356048252347534,57.67062404490776,-71.01468450409332,2.6994135896347338,91.83018223226075
2022-11-22,165.70840454101562,166.3056627474058,163.20348112540637,163.80073933179654,9018000,4.315680821225499,63.40438327823836,81.31992476317446,12.2926561583079,88.06178141809676
2022-11-23,164.23751831054688,165.04871149659056,162.75773718960363,163.31934398178586,5831200,4.117536714967429,60.28389000919466,38.674588229918406,10.505249819595305,75.74397281681297
2022-11-25,163.75613403320312,165.18243135652355,163.4084759309434,164.816940797123,2796400,3.87697108577521,59.256029878549455,37.54339886547594,10.963114404091938,56.15596693237094
2022-11-28,158.99591064453125,161.7682664275307,158.6393430643218,160.70745951346288,9365500,3.264578814396941,50.15009344684592,-105.39907560330366,7.260426956770375,104.31576966860156
2022-11-29,161.37603759765625,162.1070188365437,160.1458562942514,160.68963070785395,6985400,2.937448799584672,53.9597612096684,-49.25389948498079,5.929667981069788,201.77310344312696
2022-11-30,163.40847778320312,163.4352196681278,160.11908991567145,162.99842647957158,10936700,2.8098071355493346,56.9829528894856,-24.31450598295755,0.6565445304659503,124.28607356583518
2022-12-01,162.67752075195312,164.51386951352768,161.7415139126726,164.25534647300677,5217400,2.619472426070928,55.569683991446496,-9.67703825465672,3.542845333791921,184.51624551972128
2022-12-02,161.37603759765625,163.6937677282663,160.3954563265101,161.8217538841442,6852300,2.336676234814064,53.046948908334834,-52.38133627568088,1.9543401364125037,251.37235773094747
2022-12-05,157.39132690429688,163.08758028423165,155.67086863313057,162.83798026149438,8162200,1.7706148190050897,46.14044273049577,-155.9150499666395,18.34159302573653,138.25555364931938
2022-12-06,153.33531188964844,158.72848167338296,152.5419374442588,156.4553258932094,8765000,0.983384707798109,40.37772575034054,-228.79872051294277,27.03892035359081,83.38588582495545
2022-12-07,153.78994750976562,155.62629638850808,152.30125678183188,152.48845000032358,6936300,0.3916695452629994,41.26325718327784,-187.56203166528263,27.67702377180062,81.87878624264114
2022-12-08,154.69920349121094,157.24870120656618,153.35314519617302,157.1149917608339,8076600,-0.0038551852148884,43.083953688972166,-123.50769904678631,20.05479396235266,65.26702795634691
2022-12-09,149.76063537597656,154.38717146661864,149.69822858219104,153.59379721615448,10754300,-0.7076551492237968,36.47126482619329,-160.00468040136053,30.16876976724997,37.27305256870664
2022-12-12,151.32066345214844,152.00707027023256,149.50214717824244,150.5896822896365,9364900,-1.1265542471518302,39.623692540286434,-128.7209472781603,30.67548034611778,66.51610465633864
2022-12-13,154.69029235839844,155.5193317193523,153.75428544203697,154.725957278322,7838800,-1.173111015147839,45.871598367488296,-58.43619100169581,14.630292975070402,43.458540106582376
2022-12-14,153.62059020996094,155.92939750898515,152.67567377729048,155.54608799852488,7045500,-1.2815506940497414,44.304203794250256,-57.88611801138424,17.961719181934576,44.32223320429914
2022-12-15,152.47059631347656,152.7647706466179,149.81413148989935,152.07837747146746,7272900,-1.4436433949710477,42.61824342404112,-86.69526835561172,26.190890630109937,46.05957859396332
2022-12-16,150.40249633789062,151.67723831647243,148.95838000362463,150.23312198220643,23876000,-1.719163960469274,39.69290580000029,-97.31715133413604,28.50068654404459,17.7864911502766
2022-12-19,151.4365692138672,152.27451800529454,149.98352977332058,151.64159489617978,7131600,-1.8329458953490416,41.84247135831493,-76.45372539803401,25.547529234365275,48.13917620719936
2022-12-20,153.9236602783203,154.47634411919702,151.18696936068918,151.3741625832267,6199100,-1.7028025868187058,46.75791343632884,-32.83574437204631,15.050650777463426,16.990491485920174
2022-12-21,155.73324584960938,156.85645943879518,154.36044586549076,156.17005264564605,5479400,-1.4370788939719716,50.064916098304856,44.55308945662061,4.845884744350811,24.49637556386372
2022-12-22,153.39772033691406,156.18790867116476,150.0548481545428,156.14333432163014,5755000,-1.3988235755865617,46.08622023320048,-10.308810961243768,18.86559838731244,36.13283059488117
2022-12-23,158.14012145996094,158.3005863845162,154.8329144728862,155.19840506564708,6079100,-0.974599249935153,54.06833223131028,147.92986249648996,10.279592076162976,142.01268506769523
2022-12-27,160.12802124023438,160.6628725686135,158.14011700999365,158.9958981784525,5168000,-0.4725443200162544,56.94582470190487,196.02705262213945,1.4550414798453288,29.98909667006831
2022-12-28,157.76571655273438,159.83384643604867,156.8297097279961,159.4416139683732,4494400,-0.2622572779713437,52.719171034242464,118.59614497305355,5.950879506244316,41.339679746266725
2022-12-29,158.9602508544922,159.74470220957642,157.47154660090632,157.47154660090632,4142100,0.0007766995883571,54.555959369469406,113.77604983290055,5.950879506244323,35.136568731392224
2022-12-30,160.0032196044922,160.4132709251818,158.40754785931549,158.70172220790417,5005100,0.2900483862851217,56.15745991949153,112.58996168635674,3.165902919070176,253.7187409968658
2023-01-03,155.100341796875,159.56641361639254,152.8895794571117,158.71063245226154,7565400,0.1222675933597372,47.655357347278496,16.185116494184633,21.504961266485964,24.77713221640782
2023-01-04,153.45120239257812,155.36777698141287,152.30126035971358,152.39039545560033,7684500,-0.142133237831814,45.17773926761835,-36.26781575744182,23.1755389195063,47.54542536187279
2023-01-05,156.21466064453125,157.0615189316293,152.64893008649094,152.8806976759778,6088200,-0.1272183220815463,49.88007136566375,1.6934527291990775,15.55094131055891,21.58083656857352
2023-01-06,157.39132690429688,159.91408262184535,156.62469437669495,157.801391857183,7191200,-0.0202179505912738,51.77676746715981,62.000809865148895,3.887455730020697,14.660727671722556
2023-01-09,156.16116333007812,158.96918430709866,155.44802809989764,158.90677749325744,8385600,-0.0342880534856817,49.66086411857058,21.91796257558469,8.012115589194151,26.29356382949548
2023-01-10,156.92779541015625,157.52506724678182,154.8596787657459,157.24871170351784,8307000,0.0162349441216349,51.00463341277074,-3.474332015964973,10.089819132574275,35.470749646242986
2023-01-11,156.17898559570312,158.79979956228877,155.376701713034,158.5769414168605,6962600,-0.0041006406053156,49.61156917527253,-0.027862568544598,4.578401013951835,80.03650872622046
2023-01-12,157.85487365722656,159.00481563314457,156.80297620127422,156.8832154664348,6891400,0.1137027282982785,52.723735701827,42.03845580855049,3.6793957133418576,77.450907065624
2023-01-13,158.2827606201172,158.66608368785876,156.60686308169406,157.8637862355114,5726300,0.238836490395812,53.51319621218037,30.155441842697005,4.524896118740977,132.4237599395885
2023-01-17,160.89466857910156,161.63455924043043,158.83544792779318,159.067229100126,10697700,0.5425113093895675,58.11148002296471,135.01626277835942,8.559263901549704,235.33558200746717
2023-01-18,157.9885711669922,162.57945649990964,157.7300617384044,161.18882403786796,8899200,0.5424252764740629,51.95375856581303,89.52611441983272,3.370226383404672,155.68317122026863
2023-01-19,159.56642150878906,160.4132796846286,157.03475640970933,157.43589832435114,5907200,0.6620447904702189,54.7569350752182,64.46416299894814,0.1281566725354849,153.04525333093966
2023-01-20,161.26011657714844,161.67018146828903,158.24708429859862,159.3970261157584,10477900,0.8833286910432037,57.61552545205332,113.44075455062922,5.875161894945546,123.7457705619266
2023-01-23,161.0462188720703,162.73102596386403,160.48461197407835,161.53650952887423,8381300,1.0295697797930927,57.12464133406881,141.22209052170052,10.55355467018338,122.40988871064738
2023-01-24,161.19773864746094,162.24071302751906,159.29898309284775,161.4295061978582,5989000,1.1445001900437717,57.40151489440056,101.63136193171856,4.313143613115893,249.6458446034389
2023-01-25,159.63775634765625,160.48461462219197,157.20414908650503,159.82494958195426,6727500,1.0970596135885842,53.56621180982364,23.713353847092225,5.804011811749444,195.6551267203784
2023-01-26,167.40208435058594,167.4199168071896,163.5600128843221,164.9060845132305,14307800,1.666765559749564,65.81059193741068,248.77333038050944,21.3818295420364,61.25783934010812
2023-01-27,159.96755981445312,164.22860608719688,158.60366917413285,164.22860608719688,19654700,1.5010544085915851,51.74125437469692,49.966082683711285,1.3413527240259802,226.81300878137267
2023-01-30,155.2875518798828,158.97808219713494,154.8150937031999,158.67499838608958,11476000,0.9807837351705756,45.19166242098439,-111.32931389432616,10.78404789119258,215.49497210630508
2023-01-31,155.12710571289062,155.67088014596544,152.80937549928404,153.9949824960597,14481300,0.5491881146371043,44.98144045662531,-160.40835333075702,16.48137790482034,175.17548492083858
2023-02-01,152.75587463378906,154.80617211616678,151.13346094529294,154.49416529847736,11526400,0.0156268088818762,41.880716592042006,-180.40309969894764,21.01988741587891,154.22818689132765
2023-02-02,150.66099548339844,152.8182604088556,148.7087698177403,152.55084155203934,10463400,-0.5696965031669947,39.30305544113588,-178.43926960596565,27.18498698330026,131.2488110158767
2023-02-03,151.05323791503906,152.92525164941682,150.1974703123721,151.41872851305638,8404900,-0.9905008812719416,40.04710550647148,-127.18523673888502,26.714955762446323,113.67283304716852
2023-02-06,151.22264099121094,151.65052487381004,149.1990849762501,151.15132474374718,7659500,-1.2953895260610295,40.38698722377211,-112.47065747242176,29.33919888028992,86.08868451402641
2023-02-07,155.18946838378906,155.45690083306917,151.19585490832532,151.60591981084542,10256500,-1.203058050905952,47.84345518670586,-50.210162717620754,12.76071853740633,93.80401070924373
2023-02-08,151.54351806640625,155.17165470445417,151.07105995119713,153.75426675664698,9784700,-1.4078535523744335,42.5726723447172,-63.06012361246967,13.153757516212057,90.56766749123744
2023-02-09,150.15289306640625,152.1318743123575,149.760660588516,151.7485512627173,10123400,-1.663195001646045,40.7295824629116,-82.0330500602205,17.363788220477787,72.16422981821631
2023-02-10,153.29965209960938,153.9771359204418,152.23884522067505,152.25667767974932,11602400,-1.5932715418552448,46.38588796983528,-36.663220194631975,9.326688099570346,81.62500860525459
2023-02-13,152.44386291503906,153.23723727506578,151.33849534953404,152.72021840859546,9442900,-1.5885993468639867,45.124650930219104,-45.85155889414729,12.47610350429986,74.3084779144308
2023-02-14,153.61166381835938,154.67245712891454,151.5257013099902,151.97141758578323,8077300,-1.473677192154554,47.23308134529842,-22.15259122886704,6.146892656375433,91.30503412681736
2023-02-15,151.99288940429688,152.4515478293678,150.63493167671805,152.34362093512468,8885700,-1.4959774265705903,44.67090545605208,-55.691780729808514,9.548896680584187,252.30032195935937
2023-02-16,149.79855346679688,151.67811409836682,149.6456582009945,151.25543594567924,6727500,-1.6714476858530247,41.39303769979313,-103.97410054579196,13.307307946103828,284.8569115038095
2023-02-17,146.45314025878906,148.24276450186886,145.5538271806815,148.1438395143799,9612100,-2.056747117144994,36.94239202855586,-230.08572992713735,26.846994622689003,225.30543116213565
2023-02-21,144.78941345214844,147.26252455148636,144.51961676955298,145.8505963552801,7259700,-2.467900124901803,34.93088199525272,-216.2952012739204,29.829996467202253,176.6423252891985
2023-02-22,144.20484924316406,145.3829471119223,142.90983628982048,144.14189074456343,6205900,-2.808536234545897,34.22572671977873,-194.17044444108163,34.31951854089672,153.29159059507228
2023-02-23,145.62576293945312,146.44414114958315,144.39370839003303,145.91354971672345,6445500,-2.930061025764843,37.52704516100307,-116.51684690170912,28.483601080059685,126.93616127224529
2023-02-24,146.05743408203125,146.22830575517557,143.12566479003513,144.5825612457096,5330200,-2.957446443115145,38.53634394296565,-99.33472430951406,32.2704028838004,109.2388517361675
2023-02-27,146.42613220214844,146.92074331663173,145.6167423629084,146.5969901254209,6386800,-2.915787345210873,39.43634366991712,-62.389589040429136,28.276074972473964,94.37834295731656
2023-02-28,144.58253479003906,147.77509824152514,144.14186654111225,147.77509824152514,10854200,-2.996987704853467,36.55404316378696,-67.80680356248533,32.92248493049931,126.81712744654637
