date,open,high,low,close,volume,MACD,RSI,CCI,DX,Turbulence
2021-10-01,43.972849301396046,44.08968046551509,42.91821054164109,43.275020599365234,30014400,-0.6000243323864964,21.403234959976235,-214.26880832747375,63.26860744974942,156.77565476790494
2021-10-04,43.28764374448448,43.64761203190414,42.5361315746497,42.85820770263672,29970300,-0.7026618337516766,19.17156461182567,-187.8628593686952,66.77142090536887,168.7734488675085
2021-10-05,42.927682499380126,43.48342101237901,42.9118946992924,43.13924407958984,20597400,-0.7526494320016184,24.86042689665331,-134.58167439037035,66.77142090536887,204.829185122368
2021-10-06,43.01925656201536,43.5086856138984,42.98452267754389,43.45500564575195,19376700,-0.7580473463554327,30.757235851094105,-103.47225443355843,65.56064044917281,202.63640194494133
2021-10-07,43.82128157509669,44.42754533740086,43.81496862371152,43.96653366088867,21068100,-0.7128321117059997,39.09578552648038,-28.083308298477704,28.90538308932109,235.45600188834115
2021-10-08,44.09914779663086,44.23492502011118,43.89390282033781,44.09914779663086,13847400,-0.6587047220302225,41.07688772749986,-21.02408255170704,28.90538308932109,154.045577340482
2021-10-11,44.054950799619085,44.45280769688557,44.02968815140119,44.05810546875,13048200,-0.6120646483313692,40.6363319677709,-3.078821259733471,21.50721658887619,127.22234440119362
2021-10-12,43.998112670154846,44.33597665090949,43.91285710428237,44.0107421875,15789300,-0.5723264517914615,40.10181455623981,-5.965774722236222,24.025143874038992,110.22016486330708
2021-10-13,44.04863209729918,44.209668372591366,43.61603772462049,43.69182205200195,17937900,-0.5601112208464585,36.60984764386339,-27.55693433629735,30.15522269266013,102.50322527002984
2021-10-14,43.73287174229127,44.22861368989232,43.73287174229127,44.16546249389648,19783500,-0.5063745662415897,44.3589740597078,12.700185948570834,29.437345618459908,129.50711673693607
2021-10-15,44.402288540332805,44.55385359747613,44.19388523166224,44.380184173583984,20737200,-0.4413737533852995,47.49270971028067,76.93399090489285,17.4598866697502,118.8475097086008
2021-10-18,44.20651224780875,44.8411897075471,44.152832286613936,44.73698806762695,19887000,-0.3569543015840963,52.30023765612189,107.86516784518923,7.955563722947942,78.47265907164591
2021-10-19,45.66848525314716,45.97793190808789,45.36219688085607,45.68743133544922,33444300,-0.2109270139752865,62.22260886245519,238.71701675794975,19.71995041934336,190.09445110785236
2021-10-20,45.75059230052332,46.25581283803852,45.75059230052332,46.10108947753906,17453700,-0.0611160734429887,65.57864958001302,212.7752975774908,24.79542189427557,157.49640960899282
2021-10-21,46.28422361861343,46.39157994127384,46.041086427395854,46.35684967041016,13954500,0.0773561725414779,67.50103659587113,171.5130296729861,27.21657222544569,39.55226796979899
2021-10-22,46.44841047716396,47.26623215396778,46.44841047716396,46.8399543762207,21195600,0.2235025392601599,70.81649354082855,163.85148919724242,40.50524701380265,164.16314596641
2021-10-25,46.97889462908085,47.52831656523756,46.73575745372671,47.3830680847168,19287900,0.3787829510222309,74.02474160187471,143.29644142128734,43.81546384118192,144.20147321132524
2021-10-26,47.36411208116834,47.53778145575796,46.87784144591241,46.96940994262695,17418600,0.4631264081503374,67.90196638956684,112.19561140435572,43.93677895517379,26.303875112446025
2021-10-27,47.0357233521327,47.05466943218428,46.53998144289824,46.58418655395508,14565600,0.4931995995885572,62.7008054912935,76.13444966467371,32.90500587715998,36.788240804953496
2021-10-28,46.8399609406606,47.04204767641861,46.641032487698034,46.87469482421875,12598500,0.5343151574647322,64.88523597504987,72.95610919753017,32.90500587715998,33.149738070498785
2021-10-29,46.70417741034858,47.39569309215341,46.59366282253661,47.18097686767578,22022700,0.5848718953646994,67.07459799744453,75.27799846695139,38.61621210553943,15.170464831342198
2021-11-01,47.35779869396363,47.600935834699,47.15887027714117,47.29780578613281,12549600,0.6271363542189121,67.89682053406733,84.33230292326854,41.71694591290466,3.6773743401986407
2021-11-02,47.35464985575347,47.4209593361918,47.136771718775336,47.27570724487305,13638900,0.6513398345971382,67.55318186078179,73.92969971261351,40.891712007359,67.66630615258865
2021-11-03,47.23781883027117,47.45569335428063,47.05783285691004,47.42095947265625,14209500,0.6744670714733587,68.67541178616597,71.11476652800323,37.80475150966232,71.36078070331013
2021-11-04,47.42094872010316,47.94826977654402,47.31043053505044,47.76828384399414,15149100,0.7126072545289972,71.23717188211529,104.1984422260124,45.78686007120163,60.07478859561628
2021-11-05,47.99565301345731,47.99565301345731,47.244140607805925,47.4367561340332,15081900,0.7079216290112669,65.7129242456276,93.30411600449489,43.12470329395087,7.248501019815133
2021-11-08,47.43358536766189,47.52515387506471,46.96310247394317,47.13361358642578,15373200,0.6720007604459468,61.0509423113724,32.43749967910119,32.11045580928764,111.16992056462422
2021-11-09,47.21255023412387,47.32306843031094,47.00730525285808,47.29780578613281,15001800,0.6492974547324124,62.59867887992846,22.38744357227306,32.11045580928765,140.5405186742666
2021-11-10,46.96310838741155,47.24413412335832,46.72628776954315,46.87153625488281,16803600,0.5901061562561978,56.339342172247775,-71.29938225003197,21.28640531187856,60.904860512674965
2021-11-11,46.975735604305015,47.04520336759448,46.79259496181263,46.89048004150391,13603200,0.5385175360835674,56.547286574087785,-86.76750947189477,21.286405311878543,142.0875836122973
2021-11-12,47.04835848118292,47.12413919101528,46.587346816584976,46.65681457519531,18313800,0.4733221692788731,53.18264130921909,-103.70399766055706,13.415235439372578,209.6411974247025
2021-11-15,46.77996041186493,46.87469081965599,46.227380218533455,46.38842010498047,28896000,0.3954388082691267,49.5366325448313,-147.09368200286858,1.0315014715301818,187.01595942424024
2021-11-16,45.816891967005866,46.3157921779012,44.9327608027511,45.20746994018555,73986600,0.2357058050639509,37.390209671531615,-276.18351329293426,28.99640958746149,118.87404952019835
2021-11-17,45.20431511954593,45.696902377587726,44.78119561962757,44.81908416748047,33116100,0.0768904183476522,34.40256360129218,-227.24607412933656,31.560977063841705,101.09227092978809
2021-11-18,44.88223525243888,45.24535819768518,44.4780618667619,45.20431137084961,24394200,-0.0176834600741031,39.56109582104813,-168.10135642847104,36.50090788577144,120.54282843637291
2021-11-19,45.34956344557342,45.469552880722006,44.81908402773732,44.96117782592773,28119300,-0.1109735511951797,37.55382454056656,-121.4333185042464,29.08008599030371,104.07764569164677
2021-11-22,45.046424384937126,45.89897977660674,44.8380211528413,45.71583557128906,29126400,-0.1225988047091348,46.60897821919586,-73.53643127365092,16.064479416851565,207.4254630869897
2021-11-23,45.54849697782928,46.094764255186426,45.23273736307274,46.04108428955078,29907900,-0.104364005239546,49.97580179880136,-41.83527311810793,10.58937662744041,179.87254052855673
2021-11-24,46.01581690627733,46.4357780933811,45.98739598045261,46.271583557128906,18089400,-0.0705007420848957,52.272780160950205,-0.1538638210590719,1.599324743900178,142.30278524419495
2021-11-26,46.24001296667775,46.694708115066,45.60217716855483,45.75374221801758,21039600,-0.0844755488064024,47.04624816383702,-10.0725852320114,10.454788737000523,135.13563798875202
2021-11-29,45.78531456124118,45.864257169901045,44.91065820970375,45.03696060180664,33039600,-0.1516409474021145,40.94383806704865,-70.82607753057457,23.724971616000968,141.9741740393247
2021-11-30,44.67383748020862,44.99591363816244,44.20966751795921,44.40544128417969,64818900,-0.2529129181080023,36.45698719247213,-126.7733284384252,34.346463267764804,129.9049856208739
2021-12-01,44.3675459384375,44.43385541205979,43.2718568689314,43.30343246459961,36621300,-0.4172843916690567,30.231231938858244,-180.97412123089143,45.317319450364,163.0922156669764
2021-12-02,43.458156036842624,43.71392269961491,42.70348917774562,42.7761116027832,39805800,-0.5833755648698329,27.786042403466567,-195.6549052484537,50.69474616650629,139.0628369137709
2021-12-03,42.89926816088296,43.537104001348766,42.71928578194646,43.42027282714844,44142600,-0.6554697417601645,34.730976187619504,-148.2880693052933,50.69474616650629,175.9198413408044
2021-12-06,43.43605198224771,44.0044235525252,43.29080351754749,43.8907470703125,32589300,-0.6669533339801319,39.32096458892003,-86.76730377178332,37.77513385342641,189.0326013009508
2021-12-07,44.0802046015941,44.15283064130402,43.60340514714266,43.7486572265625,37739100,-0.6796846449475638,38.44170130480119,-65.92583807295868,33.85052106306304,98.3814597311224
2021-12-08,43.59393329273519,43.73286880547244,42.94662273646046,43.30659103393555,34496400,-0.7171781644057091,35.76234934360921,-87.34799524169968,41.7576114211047,89.14185819328961
2021-12-09,43.31610496494793,43.931148172293895,43.02443835665073,43.908958435058594,32351700,-0.6903283580294186,41.72286957569303,-58.27810837187588,36.454640130992686,99.9703252196195
2021-12-10,43.8582269060208,44.79663931858224,43.614110807049286,44.71104049682617,38575500,-0.5974414408924105,48.56644539650455,-4.700975381360949,16.047647026975937,146.10766108156284
2021-12-13,44.46059014089185,45.57337492664095,44.38767167868831,45.51630783081055,54039300,-0.4536204912405353,54.36108224183598,53.234717717841406,1.3924519475599844,132.73579704844803
2021-12-14,45.43070649832603,46.058430005297936,45.066117835539,45.95063781738281,46721400,-0.3011233894079126,57.164258394065534,92.79333455139796,6.544649979707273,121.93229499414116
2021-12-15,46.03623978995151,46.43570220977949,45.46241233770317,46.21377944946289,33489900,-0.1572226422288665,58.814742223824034,120.92163166024112,12.295432948739196,110.49982223079236
2021-12-16,46.21377936851794,46.45472449394197,45.30072759357499,45.443389892578125,39069600,-0.1041437577548478,52.44378723428086,102.6082657780967,9.194290903408357,126.34081321735134
2021-12-17,45.25635180119079,45.63679194675878,43.87409343712906,43.988224029541016,78581100,-0.1774525210131514,42.97452366657345,14.365090716983367,13.503614524129382,216.31752674093616
2021-12-20,43.78848313265978,44.30524347713156,43.623627472500765,44.13087844848633,31017900,-0.2214860711029302,44.041236890662105,-21.37202609052897,16.77448339649817,169.66014663965004
2021-12-21,44.03576950304456,44.34012010854185,43.75361226299354,44.26403427124024,24620400,-0.2428391165535472,45.07403648380206,-16.498628666120034,16.116025767794287,42.19193165842635
2021-12-22,44.35279724518405,44.3813326067203,43.918464734029904,44.32109451293945,17028000,-0.2522494990752761,45.53791085253685,-17.439095051291957,15.288758323918552,12.876897127126346
2021-12-23,44.32109948860291,44.43523369127078,44.0199198703225,44.22282028198242,17592600,-0.2645872075196465,44.835588808184845,-23.87429585207462,14.14335705997186,51.65388043388285
2021-12-27,44.25768647842677,44.66031986210072,44.24817711056365,44.62544250488281,16040700,-0.2391202523940307,48.350179737732304,-1.5123778608311589,9.261620640144118,55.3954624249819
2021-12-28,44.57472111005712,45.32608452937294,44.57472111005712,45.26585006713867,15783000,-0.1653558495100355,53.432289873188175,44.77596469932697,3.838665467580282,35.2083610376999
2021-12-29,45.22781242013296,45.50363129767046,45.120020217196455,45.2436637878418,13045200,-0.1074486746643756,53.23685576418622,56.2443619437456,7.039678709902221,88.69178218156992
2021-12-30,45.41802739612238,45.55752231892119,45.17074028240721,45.38949203491211,14949000,-0.0492222966040216,54.41701656687774,55.049642640885615,8.04030711348199,125.38901930366676
2021-12-31,45.39900641686652,45.98234686011223,45.31023658799953,45.87138366699219,17947800,0.03539909613459,58.17349953662273,81.7407423556201,15.740018338896276,154.00136449104883
2022-01-03,45.652632220201255,45.90308671394585,45.33876863217766,45.85870361328125,20706600,0.1002829853501907,58.037965849930586,71.31875961213127,15.740018338896272,184.6371562702771
2022-01-04,45.66530042866449,46.0140376558337,44.94246887402761,45.0185546875,33930000,0.0829546881166081,49.76492315018794,36.36533187062581,6.126459714591424,112.72810457285097
2022-01-05,45.28804903576265,46.27084831408435,45.25317530231698,45.62726974487305,35418000,0.116991500409334,54.7929928698043,83.64466840380224,11.269808444074648,66.81944090914052
2022-01-06,45.53215286261303,45.85552577103965,45.14537449751504,45.500450134277344,21828900,0.132208618022382,53.58953399341756,62.91683098047346,8.580453841269286,107.62839031624095
2022-01-07,45.49410569002883,46.08378801541415,45.32290806370981,45.93478012084961,19723500,0.1772716165851235,57.067390063389546,84.17173146289306,13.355822199192811,271.29485750197915
2022-01-10,46.109158422714174,46.156712522640085,45.37364630297814,45.84602355957031,22731600,0.2034768998403748,56.14153019889253,78.8468912749413,14.885484457590678,213.59794447045653
2022-01-11,45.71920493422245,45.84919048290625,45.39266100539256,45.71603393554688,21668700,0.2113197369434445,54.74077861972562,56.83064597969141,14.885484457590689,169.50202333357512
2022-01-12,45.55117566341154,45.63994548049219,45.33559493176831,45.4750862121582,18946800,0.1958353067459697,52.14374303166222,22.579986674318487,13.073761194202376,134.54010965846047
2022-01-13,45.471925499470174,46.18524788275826,45.37047530170863,46.11867141723633,24252600,0.2328120195975316,57.8904079267317,101.1607571237423,25.210726666621294,97.7256185805415
2022-01-14,45.722379747264846,46.486427225295294,45.722379747264846,45.98868560791016,26867400,0.2487600118900061,56.41687202121467,141.2714406940391,30.945590334432687,86.68852246240816
2022-01-18,45.7826140881176,45.87455491640067,45.05978234201418,45.18342590332031,21123900,0.1941827643240614,48.22712972082423,-83.89558926042716,10.81362476752981,46.22440477411567
2022-01-19,45.18976047571452,45.966491882091255,44.99320209623037,45.63360595703125,22674000,0.1851217026886615,52.38825063987933,-39.80855735506571,12.816503712149869,19.064838689469862
2022-01-20,45.12952887686284,45.7984645117979,44.7237280974893,44.77128219604492,22387200,0.1071235714404963,44.93770955170282,-174.3066899740251,5.348638044941564,54.2466645063526
2022-01-21,44.7712881016279,45.1009994642871,44.40353200384784,44.44474411010742,27508200,0.0187445207702481,42.47434450010062,-228.297695612244,2.8780512364840933,41.63426866709693
2022-01-24,44.08966361945731,44.55253150504795,43.5316875344822,44.44791030883789,28699200,-0.0504593637110843,42.507253895736845,-230.9487679608912,20.97374512271944,46.63874859072068
2022-01-25,44.38133222081639,44.501804779185406,43.3731686547368,43.48096084594727,29479500,-0.1812394655300551,35.77594221110284,-200.51007405487093,23.755340421311125,81.5977871203465
2022-01-26,43.541200852209386,44.00089778055119,42.85007177415473,43.0371208190918,26185500,-0.3170431432794842,33.178750264835145,-182.5440347010093,32.232143787997494,47.184039146169845
2022-01-27,43.40803859091221,44.09282915164289,42.91663903206042,43.06564331054688,27759000,-0.4175537103656168,33.51278894531477,-133.79042280198848,29.507044302830653,68.84902209411568
2022-01-28,43.11637632170739,43.614117969072566,42.466462997503776,43.5982666015625,25131900,-0.4490543911598834,39.58623839999216,-115.97682978674932,36.41720654845125,82.0216238475129
2022-01-31,43.46193789279215,44.3971829857957,43.33829433727099,44.32426452636719,20193600,-0.4107026183942182,46.72931773346777,-49.43186051412301,15.253292077921587,168.57864579998554
2022-02-01,44.13404303310521,44.74908616321543,44.06429920293703,44.67300033569336,20323200,-0.3481551806584164,49.799762013966095,-8.604463808114227,7.20416897650485,168.45711623031522
2022-02-02,44.70153817203772,44.904438577331696,44.43206129801575,44.65398406982422,18149700,-0.2967001645454701,49.63177097606999,10.12901347634264,3.759076920794597,146.40080657336603
2022-02-03,44.4669283369668,45.01539499976323,44.311582057275366,44.698360443115234,20741100,-0.249465211436096,50.05518042280613,20.72085833595471,6.274583369606519,64.59596488177074
2022-02-04,44.66665535269184,44.70152907951734,43.861395893529824,44.17208480834961,22036500,-0.2515969630674775,45.20218954115181,-9.260081769681262,15.194378895651475,84.86136593627637
2022-02-07,44.40353078492861,44.40669815598037,43.626799248139655,43.73776245117188,20010300,-0.2850467347123171,41.61621936275243,-37.09245980276418,19.49409323445268,5.057348399286717
2022-02-08,43.85188987387692,44.14356010059362,43.59509337953327,43.74726867675781,19458900,-0.3072470935358922,41.72518979735516,-39.00419155688591,20.08382186337558,81.46097548104855
2022-02-09,43.908957139863126,44.00089434145837,43.58241317951677,43.65216064453125,21473700,-0.3287261112130508,40.90264116521021,-42.31302934239193,20.33516224693835,185.5994050276108
2022-02-10,43.29073553550953,43.43656881037364,42.94516926861796,43.14173126220703,27810600,-0.38252624831118,36.7189754880729,-117.20048967938808,31.922768438486276,134.9452758901429
2022-02-11,43.37633840504229,43.4904689624744,42.53620151946715,42.90396118164063,23733300,-0.439285493224574,34.92683883435707,-124.42755261613851,38.14140470331917,118.80834931843935
2022-02-14,42.90396471124356,43.10369411021725,42.07334075353897,42.46646118164063,29363400,-0.5136491695159862,31.846827734810255,-145.5069151545585,44.33857693356004,200.4419614668315
2022-02-15,42.71692622857224,43.01176390134636,42.41574655624101,42.59962463378906,21824400,-0.55543503174367,33.76150306555468,-113.60775964157936,44.338576933560034,182.53069100732705
2022-02-16,42.58693448891531,42.76129952711008,42.07017048799648,42.33330535888672,28490700,-0.6030883413815715,31.835223961110938,-121.88648327341436,48.78163396770374,147.4130231861853
2022-02-17,42.48231284351955,44.21647923528838,42.41256537771506,44.02942657470703,53831400,-0.4982476369426223,51.00725691113674,-8.681800762996751,9.23917661430834,173.49153680330025
2022-02-18,43.78214240913085,44.25451966750629,43.48413381262059,43.74726867675781,31103400,-0.432937770487058,48.5603901040762,21.709008884784243,8.427900155141096,122.06126093376028
2022-02-22,43.67751814880438,43.8265260647545,43.09734873502905,43.259037017822266,25380900,-0.4157825627747087,44.57569670431609,-17.037472696695545,15.314553009006389,117.51709439880251
2022-02-23,43.3890206146817,43.49364180849842,42.74861671259438,42.81519317626953,21030900,-0.4330099564826426,41.26101666877337,-49.91923986805108,21.077599288027223,119.80339816249288
2022-02-24,42.45376760607398,42.80250485398269,41.85140854607819,42.65032958984375,31717500,-0.4547241270344102,40.06913625851959,-106.36457183335575,33.59781390012834,106.3629738923487
2022-02-25,42.739101385696266,43.363653834510686,42.510836664815365,43.2368392944336,24997800,-0.4197675135446204,46.04077594312775,-20.98108715053093,20.70074338330429,119.67228774376184
2022-02-28,42.79934585110607,43.13857019924947,42.40939640069959,42.85007095336914,26286600,-0.4184494929917264,42.99811948667499,-48.04006826121593,22.163565549447316,104.48867144620644
2022-03-01,43.07516022629739,43.71556412191634,42.80568337544927,43.11320495605469,24024900,-0.3916574539626438,45.63066011767642,28.20735027326398,9.76088475324771,97.81880208837984
2022-03-02,43.008585332825206,43.37951239113243,42.85641003638774,43.16709899902344,23863800,-0.3619039674897877,46.17892039332842,25.243350631030303,9.760884753247714,85.07023792326687
2022-03-03,43.525346818361925,44.53351045099454,43.29074368378861,44.1594123840332,29885100,-0.2553096671186523,55.14730167777231,160.22696517552163,11.16021741230885,112.33768811156062
2022-03-04,43.69020084156252,45.31657484838994,43.620453383786895,45.27853012084961,35576400,-0.0796117528696598,62.69681832032011,203.29166644013767,22.021671405722422,138.11117912802928
2022-03-07,44.79664268400212,45.53532940548759,44.52716583219237,44.913944244384766,45870000,0.0298667909734646,59.20085174314481,177.03871573292446,24.78805016352032,118.74029190102245
2022-03-08,44.860053247528285,45.16440384036232,43.93431747321581,43.98504257202149,28305600,0.0411997982862644,51.345294363579896,89.82522026706809,13.079752267194122,171.7765204718967
2022-03-09,44.38450791495808,44.46059375410341,43.79482542789067,44.21331024169922,22122900,0.0678188084539357,52.995902980328935,57.56046582612658,10.453769863204164,177.13335794617592
2022-03-10,44.2228239076166,45.3356088919146,44.07064858639547,45.21830368041992,27512700,0.1680717111504392,59.50891884591585,109.39691487605242,22.596548976283717,0.9063143337796352
2022-03-11,45.11367850322653,45.668483588205376,44.98052194493799,45.0407600402832,19162200,0.2305390600766728,57.980456893994855,116.87966308805478,26.670354330517625,14.88318478021913
2022-03-14,45.02491633949696,45.92211689939507,45.01540696921566,45.66849136352539,22646400,0.3269289226555614,61.723761650410914,118.96100002274068,29.706116063255077,39.168958790064536
2022-03-15,45.82065805045883,46.334251024366566,45.60507729263078,46.21694946289063,22872600,0.4424740032846159,64.68401902694416,134.07466820449417,34.45452158350674,80.5985723350367
2022-03-16,46.09330780929799,46.5847074395197,45.55752507738253,46.08062744140625,24615900,0.5170836459008257,63.37210433173317,118.97644669650865,37.22952758085739,88.53482322842498
2022-03-17,45.97241591167218,46.24293499881821,45.3995487487358,46.150638580322266,19023000,0.5752307371415739,63.7784183621821,95.9355564274682,33.39333965595814,99.29866817427192
2022-03-18,46.20474802140772,46.32886979952079,45.864211679085,46.28749465942383,31233300,0.6251495330318377,64.60497702785433,103.1338550159914,34.466531105114875,133.37639217290595
2022-03-21,46.2843164820622,46.876279709079725,45.70826957389083,45.90240859985352,21350700,0.6264163736863324,60.42655326114335,91.03696658748032,40.98911856215899,89.30095262091962
2022-03-22,46.02335373448387,46.137925751375455,45.50459093097744,45.76556396484375,20235000,0.6093538833870937,58.96703196190817,51.02734225287575,35.58187526097936,77.13475933570709
2022-03-23,45.55549744867336,45.74326991311755,45.03991807670573,45.1767692565918,19625400,0.5420722531965154,53.03177429103489,-7.549894713294596,23.90649876916356,96.2513798279002
2022-03-24,45.3168022618034,45.80055627084524,45.15448862369957,45.45683670043945,13440900,0.505522826166704,55.33472042018168,4.20793173886859,24.766637144346053,179.27673315074176
2022-03-25,45.65415573120117,45.80691958145116,45.27542754760928,45.65415573120117,14085300,0.4868668407634686,56.936774633672506,13.419192365860122,24.86822948708501,160.28389317775046
2022-03-28,45.670072813274594,46.4848170687679,45.60642211340378,46.46572113037109,20105700,0.5314422476803173,62.84038386709875,86.68654294748369,34.946514904981434,197.33025112438455
2022-03-29,46.65666445375019,47.13405186007272,46.54527211644727,46.8571662902832,19934400,0.5915360721502694,65.31062639637244,173.94430797443448,42.85292729981128,179.53498415349227
2022-03-30,46.82534802768061,47.7960393754824,46.79670594224001,47.69738006591797,24991500,0.6989025768750778,69.93112744767762,223.36162830899227,49.58161706938487,177.63089587618182
2022-03-31,47.35365947970311,47.91061035553551,47.15952048577507,47.3950309753418,27163800,0.7509379157801774,66.49864019792776,184.36703681314245,50.66431471847754,142.31548655477835
2022-04-01,47.630546394886125,48.1429425648712,47.36957705671141,48.06019592285156,20939700,0.8362102379056893,69.9886691437172,164.889978227868,52.87433009710046,122.605840191963
2022-04-04,48.02837278080259,48.75718355899377,47.76422016690328,48.06974792480469,25332600,0.8942515589529307,70.03694194042507,147.1141164776026,58.20489907773678,118.97093604826334
2022-04-05,48.0188202475434,48.79855591636977,48.0188202475434,48.20659637451172,18657900,0.9404513129243668,70.7625251588869,125.02291292267752,58.54503207610111,110.81414112945976
2022-04-06,48.06337629376047,49.46371352320303,47.8978830196813,49.32686233520508,28018500,1.0552962530664305,75.90618857814398,133.60402546286895,63.6647963542806,21.22470008811539
2022-04-07,49.36186834806005,50.138417032154784,49.15181668205418,49.820159912109375,27088200,1.172599688052529,77.76147586447088,147.3211428880504,67.98408642918348,7.601856774130653
2022-04-08,49.93791931875771,50.41530685971099,49.71513822350098,50.097049713134766,23294400,1.2732292045701286,78.75056560426864,139.906677705738,69.58214283519273,45.26942053045625
2022-04-11,49.95701265946692,50.3611996880823,48.89402852760257,49.10408020019531,24712800,1.258349016142084,67.20659377286822,93.37820449977788,46.26638220399688,135.19705470342336
2022-04-12,49.0881678429258,49.45734626182738,48.55030924689088,48.766727447509766,26761200,1.205439258428477,63.78556287996411,57.75796448452552,37.729785995533646,120.16353874036258
2022-04-13,48.83674365973721,50.21798490191599,48.8049183114066,50.03657531738281,29284500,1.2515469505979624,69.98007177456874,90.0257962086702,45.33342142839922,213.20250620166536
2022-04-14,50.00156961620135,50.37711457584594,49.78515504964988,49.99202346801758,22360500,1.2698545738514966,69.53070547165206,99.60598364583554,46.797060611046376,186.9483455594126
2022-04-18,49.8869968780564,50.278454506914805,49.396879936676335,49.610111236572266,14671800,1.2392609431359602,65.63958683575044,72.31430102679381,37.14821497340848,159.11147016502355
2022-04-19,49.86153712492521,50.26891109297086,49.661035225570615,50.173431396484375,15855000,1.2461061632448531,68.44467729954357,83.57071731901299,37.14821497340847,139.10312870909777
2022-04-20,50.39620335643111,51.03272119621873,50.37710742059797,50.80357360839844,19821600,1.2875363421923185,71.27014229945618,124.15302787930544,45.344336358183966,100.45978564379352
2022-04-21,50.89587941160611,51.16639854181061,50.62536028140161,50.87996673583984,18168300,1.311417143930619,71.60211600564494,128.1789985021989,46.6554428782139,65.13768603876855
2022-04-22,51.00089372578356,51.03590233298957,49.858346381638725,49.9219970703125,21046200,1.2387630164877308,61.93708744344513,66.36597717741427,27.723175964258036,132.3945026057189
2022-04-25,49.76605804024674,50.116144169082936,49.12317723915562,49.94746398925781,18057600,1.1697548587034632,62.08361306210913,-3.321765456396657,12.705026035091398,117.73132341575663
2022-04-26,49.76605434931261,50.326188471730006,49.39369268875078,49.42551803588867,19601100,1.0607213842880086,57.22171108147751,-21.70868117458959,15.752988063242796,141.5558336715678
2022-04-27,49.4987226662922,49.71195396685019,49.01815187146044,49.08816909790039,17496900,0.93629727811971,54.263846501713765,-101.54220871790248,8.46133207694034,24.70837689726131
2022-04-28,49.40323943378303,49.9601939419676,49.04361082146698,49.71513366699219,14955900,0.8781582172245805,58.55199138958188,-48.73412010209849,12.39001363444864,31.122855403290995
2022-04-29,49.587832784376594,49.71831743899163,48.60122879018007,48.69034194946289,21088800,0.7408504032477197,50.257529079256,-122.06775944860904,3.8372610886704086,141.62638260195212
2022-05-02,49.31731653095863,49.32686632187605,47.840599071889706,48.3689079284668,20016000,0.5991888561123346,47.96249442663164,-166.874289905767,8.987252513237678,7.603067347365062
2022-05-03,48.512127386492445,49.10090370451787,48.3052589487008,48.5375862121582,17950500,0.4948279189518771,49.27164884796343,-139.4383800228881,8.987252513237674,25.077511541717367
2022-05-04,48.38480856306728,49.27274950414789,48.21931531679862,49.20909881591797,20022600,0.4609925443374649,54.21043890886777,-87.6603313429951,5.57086781289896,242.0300124221326
2022-05-05,49.07496003106908,49.1356509283678,48.35947053568461,48.7874870300293,23234400,0.3955970223967355,50.86225946472065,-87.51557983048747,5.570867812898957,175.3579871204933
2022-05-06,48.45847543730736,49.17396474003063,47.35968646613121,47.771732330322266,34258200,0.2588241214990603,43.8374873974152,-128.00399601583365,22.056563270117977,40.501791607193
2022-05-09,47.42357971311615,48.90247009814727,47.33414262221692,48.33071899414063,28207200,0.1933078319094789,48.0867366626005,-102.90266277487304,22.42918173274616,32.649314279320514
2022-05-10,48.36904046071541,48.643737715436345,47.452320437189385,47.65035629272461,24861300,0.0855005196461675,43.74814247336303,-115.34051477241316,22.42918173274616,84.23277208241353
2022-05-11,47.720632984115,48.15184426081768,46.92529098967857,47.152076721191406,27878700,-0.0396870614191442,40.84180575190282,-151.32197305394928,30.39192048360709,84.99307021217018
2022-05-12,47.22873897579976,47.9601989709573,46.80072249282353,47.10736083984375,25244400,-0.1408833042254613,40.581259261878685,-142.14525596068728,32.16439429496827,134.7968108665892
2022-05-13,47.18082990860768,47.3948363336775,46.67934681954962,47.2894287109375,19962300,-0.2040386693656657,42.19814115983158,-132.13293760965638,33.92975796366823,103.0424908055599
2022-05-16,47.714241790204056,47.82603906282908,46.78155118393638,47.34052658081055,21449100,-0.2471179581965756,42.669654064127855,-97.1214254711565,21.802383275211096,104.11388184223378
2022-05-17,43.5778174387581,43.90042627553469,41.72840301848652,41.9551887512207,132940200,-0.7076529776388227,22.156123938693952,-334.5845090143551,63.50611983151645,343.8856846525659
2022-05-18,40.89472615569165,40.971387555460346,38.818526213901286,39.10600280761719,104253000,-1.2876920797954128,17.392169795780543,-289.5063353059406,72.5761248603548,251.6236201303209
2022-05-19,38.60771782848321,38.901580459235255,37.8826439273568,38.03276824951172,71008500,-1.813078268971573,15.99687056119053,-202.63748297409012,74.74974920900124,194.12962936239455
2022-05-20,38.214834693916295,38.59813073206441,37.45781980960484,38.07429122924805,49356000,-2.200731390096756,16.276728946089374,-147.49895083851334,75.69160533393993,160.52300169976888
2022-05-23,38.3042685440561,39.53402021806693,38.28510684904136,39.16030502319336,43680900,-2.39273508388186,23.45910148294144,-101.99075815865628,61.4078135001756,147.18270198095252
2022-05-24,38.716315454693685,39.78316350571069,38.674793573850856,39.64900970458984,34584900,-2.476912703187488,26.514171552052936,-79.48511530408156,57.73143628991561,124.884094970551
2022-05-25,39.607480683978594,39.82149070440023,39.16030260472058,39.40625,27121800,-2.5340023505516243,25.95987147156081,-66.8110493601794,57.138482789870906,108.02502373512336
2022-05-26,40.02272791334897,40.37408295906581,39.73525493859571,40.24631881713867,28197600,-2.482839150389367,31.31136166754722,-48.68590874432481,48.47225533802189,101.81761316173976
2022-05-27,40.08341660808318,41.08318412336665,40.02592055411707,41.03846740722656,25299900,-2.3512682182849787,36.00822778247024,-32.31232117140284,37.95791032922788,91.47850760854728
2022-05-31,40.71266100312231,41.49203240882826,40.69988166615712,41.08637619018555,36912300,-2.2175687165052125,36.291961322721086,-18.37154735280216,32.14714459273967,80.24701164516695
2022-06-01,41.04485288706645,41.17900668915947,39.82468933056935,40.07063674926758,28534800,-2.168574603941813,32.95563805189548,-27.63869958500648,38.15245213423236,70.98722984204879
2022-06-02,40.10897135353298,40.73502370934677,39.71289592213352,40.7286376953125,23214300,-2.05298569835788,36.99630093962241,-18.56965932529309,38.89638103798787,67.22353653195323
2022-06-03,40.4603175070862,40.69987888296698,39.95564339397504,40.029109954833984,18302700,-1.994831524296302,34.6083039240614,-11.329895313912017,38.89638103798788,58.47652429794247
2022-06-06,40.18881560030032,40.342134736549085,39.79593508519932,39.885372161865234,19855500,-1.9380022771139809,34.12094686088973,5.066606380202514,40.09033213580447,96.31465986027376
2022-06-07,38.7258965510724,39.44458069849591,38.61090445558469,39.40625,47707800,-1.9096130134348712,32.47910626551957,-51.300913908189074,48.18117740396708,309.74314861120365
2022-06-08,39.08045034464084,39.5787385094696,38.95268621056099,39.06447982788086,22522800,-1.8928724586025112,31.321335015591245,-42.38940908110871,45.78086060572167,285.1357624406212
2022-06-09,38.968656177088576,39.719281420459886,38.64604735659178,38.6556282043457,19880100,-1.890800387507568,29.946105169612657,-69.12885259666312,47.85981054280693,221.96719124460105
2022-06-10,38.24997198134031,39.2050227610499,38.11900935920744,38.87282943725586,25238100,-1.8503027931411185,31.66272422467159,-108.02365668037486,51.31510509765332,176.43503901944686
2022-06-13,38.24677646650935,38.72589926503592,38.03915609975891,38.1413688659668,24897900,-1.8558379679922723,29.078517663542964,-137.0040316048051,51.83590545677883,155.40992143100183
2022-06-14,38.05193720255633,38.32982934259028,37.745298860249,38.157344818115234,21544200,-1.8377510578838423,29.214406674184595,-132.14340527769687,53.79473624694274,135.54906513235727
2022-06-15,38.32024502781466,38.46078484709822,37.65905319198848,38.13178634643555,25914000,-1.8046762222589976,29.118284159174998,-109.4799500334694,50.85036921661763,116.4844070279721
2022-06-16,37.80279244131851,38.89199708650184,37.76446173718926,38.52786636352539,30706800,-1.726600651990097,32.80788271758035,-74.83912705620847,41.26028218492021,108.97245439206036
2022-06-17,38.33621595764579,38.61090958558574,37.68141378377141,37.78362655639648,36838800,-1.7051235299607583,29.681478871075985,-92.96113292161358,42.0247189608595,102.57520074888318
2022-06-21,37.78681529836868,39.217793884395725,37.76126028162423,39.02294921875,23916600,-1.5700017714883645,39.94451243204195,-34.7610683436571,28.83032439088823,59.491986972619294
2022-06-22,39.0006009556414,39.36792652662804,38.51828326806275,38.55022430419922,20235000,-1.483955637418738,37.685154173151645,-13.035082655071552,25.71875486529208,57.46420425544744
2022-06-23,38.88879716830776,39.59470564617239,38.713121498944766,39.486106872558594,18040800,-1.3249721008578137,44.39123489807588,51.29249303726414,20.96608493095466,37.67478906417107
2022-06-24,39.63622678105348,40.02591243107162,39.33916937897361,39.518043518066406,31845900,-1.1827653001971117,44.61029281032467,112.27463752977184,12.274742610246255,32.899916609919686
2022-06-27,39.53721436086384,39.84385633533956,39.220995193579625,39.64581680297852,19889100,-1.0476781681172866,45.53471616810311,116.155873589308,14.096357324593903,18.298128459770105
2022-06-28,39.818305401486704,40.10897323305989,39.06129037436271,39.08684539794922,15399000,-0.974491630642632,42.21541174024948,87.50206358243659,8.645759601030159,21.61114591540707
2022-06-29,39.2529331045361,39.39986623869467,38.639656515222434,38.94309997558594,19111500,-0.9175133044263148,41.38003115100624,30.57662051659911,15.554981488724762,27.403148483207424
2022-06-30,38.61090862691815,38.98782232895899,38.29468946870568,38.834503173828125,19166100,-0.8710791663124269,40.72437598995725,-8.541241228618656,20.830727711264995,11.019320991668852
2022-07-01,38.94949527971208,39.26251963282974,38.70034934461937,39.16989135742188,17460900,-0.7980177025312543,43.69174881927661,37.37844632113298,14.686280744983192,29.03151777222297
2022-07-05,39.03573998699976,39.77039484387157,38.84409009924677,39.687347412109375,18218100,-0.6904030504480687,48.01567976331288,80.502991021855,4.141963301768459,42.665906526812726
2022-07-06,39.76080916444863,40.33575881072328,39.70331675861339,39.96842956542969,21300000,-0.575799227605799,50.25048678949639,139.63582986200433,6.1970542666795705,40.06524338214082
2022-07-07,39.98758442337027,40.09618684764728,39.64581029125813,40.029109954833984,17487300,-0.4746074922913621,50.74279512966289,111.61234629907008,5.054592168548849,42.97093100429905
2022-07-08,40.18881840848096,40.44115914121522,39.97481203175817,40.054664611816406,14751000,-0.3878790376584717,50.96287470544964,126.20741485024084,11.224446750089005,66.35993906511573
2022-07-11,39.933288112759584,40.3517236911135,39.80552397949649,40.07063674926758,11532900,-0.3142349891590115,51.10990557270255,105.68464300858132,7.531578937905705,257.862753701842
2022-07-12,39.96203623407833,40.60725385207703,39.83746328521551,39.949256896972656,13732200,-0.2626383583050753,49.88577295203119,99.48113442536548,12.266673412547778,300.7827958251903
2022-07-13,39.74802087180578,40.39323840327197,39.57873123202752,40.04507827758789,12689100,-0.211576746979496,50.88584338152204,69.4834479880888,6.329474181808618,239.20825178059656
2022-07-14,39.65859114112936,40.98736080074858,39.65220512766784,40.82765197753906,20905500,-0.106732548400906,58.2190707772556,125.3945292858002,17.162904728206218,208.6850824600041
2022-07-15,41.140678831124326,41.61021712919048,40.9011174305633,41.22692108154297,21184200,0.0084771943763684,61.38680906664408,185.81517418969224,26.730112580913516,163.15096150260965
2022-07-18,41.09276518338858,41.61980320892202,40.96819588227796,41.13109588623047,14243700,0.0910004565344735,60.20698628063572,154.1182427893867,26.87010133816341,134.38851371918284
2022-07-19,41.3291330789324,41.51119842401942,41.07679600107783,41.3834342956543,16995300,0.1747479514951848,62.26376971364383,138.43732211171164,26.87010133816341,153.8569296777965
2022-07-20,41.68688311389061,41.9424150588808,41.36427426180408,41.7284049987793,18564900,0.2658896865257105,64.93230237692144,140.85789265200626,33.49869833708324,138.82281290325312
2022-07-21,41.74117963518557,42.34168055211664,41.68368358325859,42.33848571777344,18764700,0.3829343546713701,69.0946423730613,147.6009729885853,39.01095501266333,118.35957881593156
2022-07-22,42.335281234025565,42.60678360464456,41.91684576044456,42.22987365722656,13616400,0.4616078835205428,67.55727431039585,128.96763795648215,42.42352815883499,94.48068995618154
2022-07-25,42.28738036818865,42.38639830274697,41.99032290909673,42.16919708251953,20535300,0.5131459029155394,66.66487700521748,104.94037871252972,42.423528158835,87.00952470419948
2022-07-26,38.690762588553696,39.189050727244286,38.348988430234414,38.96226501464844,95391600,0.2918532357405254,38.05367425500946,-150.1669705418629,24.697184752330784,277.79797687410945
2022-07-27,38.725901562709005,40.49226854663967,38.65882465936885,40.43477249145508,42159600,0.2326148110524855,48.89855221013927,-72.22528680317637,5.528746892004283,237.5597010647504
2022-07-28,40.3325649863681,41.68688622355122,40.3325649863681,41.444129943847656,33262200,0.2640706020313175,54.74685742235628,19.827520343194976,8.375245102710624,197.7471810397573
2022-07-29,40.98735848793181,42.2458526851248,40.88833690298761,42.17877578735352,30141900,0.3443103277555863,58.47209962390898,60.55976972693608,14.07959972940954,165.79735968642262
2022-08-01,41.86255966345927,42.87510287146692,41.84339431194199,42.33529281616211,24996300,0.4157381342222237,59.24191710902359,98.52205945306105,20.1095127334662,138.72779914085575
2022-08-02,42.5301330167832,42.70900719047447,41.9711576209777,42.380008697509766,19695000,0.470529413194221,59.473057858398825,88.95621240688929,20.109512733466197,118.94382094414738
2022-08-03,42.213910644433405,42.46305287942683,41.47925596535018,41.68368148803711,32003100,0.4525474251580093,54.30813421403583,39.94641715812352,12.924504864796884,104.28539957854814
2022-08-04,41.73799302833213,41.779514916728,40.03231669452372,40.10897445678711,53106000,0.3076840824640214,44.82710628646797,-66.34949454429218,5.065476754521754,107.55258353520662
2022-08-05,40.089801605304274,40.50504234411575,39.96523230799436,40.43157577514648,32007000,0.2164153683425382,46.87333489732213,-81.87713021115512,5.814649064424151,94.28251660062004
2022-08-08,40.45393982368845,40.9522280267651,40.44116414038321,40.76057815551758,18175200,0.168687473167644,48.9526447997631,-42.9169347895551,0.1415177783637587,82.3510359105083
2022-08-09,40.85001975481329,41.19498883002181,40.63281483758264,41.163047790527344,19325100,0.1614772985651029,51.45566298076767,-18.569513716543405,2.901910568063917,71.85728825028833
2022-08-10,41.52396861901038,41.57188016081652,41.00971002837525,41.249271392822266,25251000,0.1608663403152377,51.9986901675328,7.560979665567908,7.59713765408684,58.106968425954754
2022-08-11,41.60857801534415,41.82352009990058,41.25569279303214,41.64707565307617,23854500,0.1902881078569365,54.52608611136976,37.64221719180641,10.701954441023895,52.05703923593808
2022-08-12,41.704819627975816,42.61590960938069,41.64707684106747,42.41701126098633,26625000,0.2725901895208196,59.02314409464688,92.71297917056305,19.836199919466544,103.99577894035993
2022-08-15,42.2277388152459,42.85010389715645,42.1411209567188,42.53892135620117,26516100,0.3436904583683997,59.70267977813387,106.57150954286207,22.363850159379744,310.2650028415512
2022-08-16,44.560006884178215,45.21124346496226,44.332233416963454,44.71078872680664,91773300,0.5687334739711432,69.4292213731398,250.63622957328192,42.1639490297684,189.2792109431276
2022-08-17,44.45413098865041,45.7854789463509,44.39959327721312,44.7588996887207,41792100,0.742405845277311,69.60424258016606,196.2572387825497,45.7853223447427,169.5253233419803
2022-08-18,44.76211716189148,45.04763712103298,44.43168939588075,44.61454772949219,19197600,0.8584982209744254,68.34002268941475,139.45533554764356,45.785322344742696,146.53872693515817
2022-08-19,44.566416220108174,44.61453643557845,43.92159358452768,43.95688247680664,22918800,0.8872070054690511,62.74818008283849,90.48757144988792,36.95104334140133,113.12830286888132
2022-08-22,43.69382965289165,43.86064789061988,43.1292073011882,43.17091369628906,18667200,0.8368906574908621,56.76981563819036,44.93606043474397,24.345613646353037,83.98858273713593
2022-08-23,43.18374199102299,43.29602617220789,42.73461260895808,42.98805236816406,16955100,0.7733445734126079,55.44622260172175,23.10513678522749,18.496413416519356,85.05337121666237
2022-08-24,43.10032665390547,43.40188658806937,42.8597219247833,43.29922866821289,15766500,0.7395678924616007,57.27188330307344,24.545918742168837,19.589230006119752,140.87359124513566
2022-08-25,43.398683495689234,43.62645693234842,43.318479461304605,43.58795928955078,19414500,0.7277091989176938,58.95259141795487,32.930754603256815,21.979157294569728,121.55527849073886
2022-08-26,43.66495038333596,43.89593256603125,42.18924169283122,42.21811676025391,21331800,0.6008500298562751,49.08729516832674,-19.97801017619057,5.068493803721837,54.40476719861177
2022-08-29,41.9710919462888,42.94634224094334,41.89409666630545,42.62874221801758,17381700,0.5273680959704308,51.696714135339136,-50.29221410011315,1.122489721574061,43.90205392101173
2022-08-30,42.77632091682244,42.8757701071229,42.26303122042894,42.50042724609375,14468100,0.4535509352400666,50.82017770788011,-57.71596241333279,1.122489721574055,31.141554417771296
2022-08-31,42.59666341661367,42.92068094685452,42.323978522203,42.52288055419922,22460700,0.392339452861556,50.976815385509454,-64.88263399084497,1.7735162625572465,20.96435787475685
2022-09-01,42.51967889242192,43.35377378662048,42.474763746418674,43.14204406738281,21741900,0.3893025950370727,55.21296504939475,-37.26656970771936,8.060167822221304,11.410760049218744
2022-09-02,43.26073380408833,43.52379244600101,42.48759060722364,42.667240142822266,17234400,0.3446106971180427,51.53533130920728,-49.980357845150536,10.482311595887026,4.813471642836522
2022-09-06,42.68327892917378,42.86614087918037,41.935802072093765,42.455509185791016,21899700,0.2887782711548539,49.93793481514656,-88.2013320058868,1.1670301399852878,288.9784558044473
2022-09-07,42.68649208961492,43.62003974167077,42.58383415565714,43.5462532043457,17058900,0.32875491587005,57.28351820921888,15.781673943729947,12.074927952518932,150.8543349538526
2022-09-08,43.43717348825406,43.90876039098399,43.27035527986143,43.76760482788086,16956000,0.3739868335115943,58.61075849363717,98.60022006737913,15.902907739722997,124.74099359857074
2022-09-09,43.72590369264891,44.1108690852711,43.67136598026536,43.89913940429688,16140600,0.4156557741299096,59.417682844551145,151.28971443063503,18.57532799536138,123.52466413416792
2022-09-12,43.976131656349125,44.35147447995412,43.940842763782015,44.293731689453125,14284500,0.4750430093375826,61.82231310727464,165.48744078520411,21.76276997720301,133.42419973636493
2022-09-13,43.905549783048045,44.25522992750117,43.24789955147893,43.37942886352539,17687400,0.4432220364566248,53.85896618137469,68.26055702204172,8.579826721978895,74.20541460540787
2022-09-14,43.5109574538842,43.7996823887277,43.02012543178392,43.28318405151367,19934700,0.4055624625978851,53.0838184311698,29.002141735640677,4.572037716990776,71.44387583563739
2022-09-15,43.32489583711553,43.35697598150384,42.65761928836185,42.81802368164063,20189400,0.334328493885657,49.38445653661008,-24.371850522266453,1.649907130392431,60.328581229998
2022-09-16,42.34643866125008,43.16449339412565,42.11545647134573,42.72819900512695,41874300,0.2675428918520737,48.67897808295423,-61.59270224031263,10.250739921111716,143.48415619461602
2022-09-19,42.60949581183859,43.23185717376364,42.49721164373286,43.09391403198242,16853100,0.2413429164256086,51.70405204354823,-29.77514645835252,8.97554614269183,126.25260422983816
2022-09-20,42.82122758115751,42.949551826518245,42.51967129513227,42.84368515014648,13963500,0.1981042452022805,49.55186496604173,-59.27724724731094,8.975546142691831,108.4455130710768
2022-09-21,43.45001138239923,44.09483036221551,43.18694905826992,43.23506927490234,24903600,0.193191720774756,52.857241108579565,45.0649552622323,11.2620189078503,89.4295248487716
2022-09-22,43.170909985515976,43.219030203262434,42.615913928696536,42.7923583984375,16744500,0.1518252944451745,48.95033387100478,-52.89883943520221,1.173395356417227,93.93450124085231
2022-09-23,42.62554287317789,42.72499206374968,41.31023481016069,41.72407531738281,27195300,0.0324663352202563,41.06300151529094,-164.56320416859293,17.293119401163242,0.7863560893642738
2022-09-26,41.30382041811197,42.39135134421531,41.14983351088173,42.12508392333984,23011200,-0.0294292150958028,44.667203559481386,-152.03495997807602,19.243205520092623,14.673464892528528
2022-09-27,42.42022185743792,42.80518724849951,41.80106554607126,42.00959014892578,17171700,-0.0868006827884713,43.8357478888449,-95.4435769982892,11.91170878317269,143.74475652756104
2022-09-28,42.1571638867722,42.87576945072168,41.61500280054969,42.70253372192383,16838400,-0.0754831068351506,49.86564308824135,-65.65607261819602,14.458263469195463,58.68668474295272
2022-09-29,42.82764102604485,43.02654303683333,42.2277335880385,42.42663192749024,15241500,-0.087765113757193,47.67108945781956,-38.090082848123565,11.641749067920632,50.228824813311945
2022-09-30,42.42342725507216,42.46192122120178,41.60857772827149,41.60857772827149,19602300,-0.1616454813545118,41.7974557729775,-113.51075751437794,20.313539371138983,18.842337418107206
2022-10-03,41.78182238700419,42.59987716627153,41.70803584459045,42.5164680480957,17574900,-0.1452625474763493,49.268262599769216,-49.05649151266279,17.545372229390868,69.47199164547561
2022-10-04,42.943133255166025,43.3730137757996,42.78594129018624,43.0682487487793,16134300,-0.0867548078024498,53.20003917697041,84.3280546750064,3.213155607783332,132.80724301927893
2022-10-05,42.91105098201927,43.18694460117628,42.51004187546071,42.64157485961914,14553900,-0.0739634153664141,49.97471295682256,38.31485821166738,7.545425040876995,151.35230928696038
2022-10-06,42.692907586612826,43.14203694446588,42.21169808481842,42.243778228759766,14200500,-0.0948318458014227,47.10724160865805,-2.047312482467525,12.125904133826484,146.2488601229042
2022-10-07,42.1250813690559,42.23415312714442,41.08566705477438,41.242862701416016,17080500,-0.1899461641833184,40.768607717383546,-143.42117145288375,26.85525669272277,193.9114211859656
2022-10-10,41.55404812017791,41.68237237963345,41.15303893963402,41.48667907714844,11411700,-0.24285156127101,42.78811030740811,-128.6014075341159,26.85525669272276,169.5935959808124
2022-10-11,41.54763041823153,42.923890012797386,41.53159034479553,42.56137847900391,21276000,-0.1958031131287825,50.75775779971019,12.769527869953786,4.464727250191157,217.87616889649271
2022-10-12,42.67044306574208,43.2350615840676,42.015997956212445,42.08015823364258,16947600,-0.195098358651542,47.5628229319751,38.68585946977432,0.2858291743553232,178.88780316934842
2022-10-13,41.47384500559616,42.64799372872436,41.18191128135875,42.43626403808594,20545500,-0.1639155568274404,50.06756039280409,-30.06956090687228,11.351235474313498,85.83221410987294
2022-10-14,42.487596146046464,42.73782349760906,41.72086667504513,41.8427734375,16641000,-0.1849605827176645,46.114110662839046,-32.31700008929363,9.87251285136492,91.68290790733222
2022-10-17,42.01280368079288,42.61271496396838,41.89410565812301,42.14433670043945,17812500,-0.1752847092892793,48.34600178988955,-9.027428120786228,9.872512851364917,87.28030755296558
2022-10-18,42.80518557019737,43.34093275368409,42.77310542814478,43.032958984375,16842300,-0.0948191025081968,54.34659974200604,131.83831039062633,2.322857454869751,99.50271822949573
2022-10-19,43.09391848635126,43.222239067350806,42.657620434010745,42.91105651855469,11339400,-0.0404201018476229,53.42963472872484,99.02295010981584,0.4192738003781392,83.18618612744375
2022-10-20,42.981636915583245,43.437180145654885,42.87577022703023,43.01692581176758,12754800,0.0111062394600907,54.15312440656385,108.1753199012908,3.999030227561049,14.492433804169083
2022-10-21,43.24790150639199,44.0819962220706,42.988047947575765,43.88630294799805,18134700,0.1207013355177437,59.69104942002904,151.41483837817836,13.988363775309235,43.78825922016389
2022-10-24,44.09483490991902,45.06688027429655,43.99217696864739,44.72361755371094,18806700,0.2719852529927991,64.17892747068457,211.15675180663808,26.558410551086947,12.921857104778734
2022-10-25,44.62095327543813,45.054038879627065,44.37393103312481,44.935340881347656,15051300,0.4043026019030478,65.23300236905084,171.292224170754,26.55841055108696,82.22263894496808
2022-10-26,45.02837907941944,45.56733506428462,44.85514335826053,45.27860641479492,20754300,0.5307456089663773,66.9319784675698,159.51159992098462,32.51930622536127,158.0869572143195
2022-10-27,45.23689843730668,45.586578587773616,45.00591627882625,45.147071838378906,16602900,0.6132694732595496,65.60892493237846,127.806196290529,32.739715262118146,277.87919248406456
2022-10-28,44.92892588112351,45.84322095170111,44.92571713262255,45.718109130859375,13648200,0.7164889290345826,68.51837017001357,116.8722146806817,35.753602993894404,203.3639912939772
2022-10-31,45.66357480708855,45.89776206631014,45.48071651367836,45.66036605834961,22572000,0.7845874720309425,67.89289672698442,105.6545603977323,36.40578130335713,212.1677563853982
2022-11-01,45.86568700885334,46.05175407164038,45.39410368936489,45.455055236816406,14814300,0.8126217923527221,65.59990903747509,87.69987363712744,38.30989098061404,196.2686630665891
2022-11-02,45.28502129587174,46.05816449884056,45.13745190220288,45.15349197387695,15522000,0.8012690275572041,62.2730907365744,68.70745602471114,31.25606862788024,144.5095581065586
2022-11-03,44.755689555489454,45.46146369110885,44.617742742554704,45.14386367797852,10976400,0.7824750711066315,62.16469172871109,40.92181983231575,18.11918146927768,165.8984716246049
2022-11-04,45.56412544090082,45.62186823262057,44.52471113389878,45.22407150268555,14669400,0.7652317115153551,62.74645260700444,37.68015985448817,20.7554136227854,139.20024704669885
2022-11-07,45.3171036502783,45.86568220523865,45.3171036502783,45.6988639831543,11364000,0.7808765511719429,66.07209855160896,73.08333174422245,24.722687624040866,152.60769661108915
2022-11-08,45.740568586118606,46.218569335047256,45.39730223775626,45.80793762207031,15068400,0.7929360571278465,66.80522479001077,89.88399553598353,30.17167881940605,140.29005396115787
2022-11-09,45.798309521443606,45.92663376222062,44.659446110978365,44.74285888671875,15932100,0.7083845338216364,54.435719569339945,-11.945079916826128,11.928040508636334,17.17585380209393
2022-11-10,45.71811075476352,45.77585354448397,45.07328812263414,45.66999053955078,20310600,0.7080269248039741,61.17479125066979,44.98061637237951,11.928040508636334,4.190867650864408
2022-11-11,45.76943764721571,45.91380195765756,44.90967662417791,45.74056625366211,19270800,0.705308035390992,61.639899298769706,39.3758073609382,8.034290431790476,39.3164821316747
2022-11-14,45.43901616417153,45.97797221251761,44.35789898965152,44.39639663696289,37525800,0.5879129470784292,49.48172504720949,-136.86424707571663,4.0843425781990845,134.51793788519743
2022-11-15,46.71261025618367,48.20756771620418,46.372556327061055,47.299686431884766,76548600,0.7208383407637342,65.37007984974804,346.303506364895,30.0571236718214,318.0566838965746
2022-11-16,47.440837960796095,48.18510977204212,47.19702813609249,47.639739990234375,32593200,0.8438942653625787,66.69145957567439,251.247495099309,30.05712367182139,225.04788221435464
2022-11-17,47.16174321535918,47.71353054086194,47.06549910548231,47.479339599609375,24791400,0.9178931008774782,65.4233645321686,151.44129595456346,27.20244564256213,178.17961456750572
2022-11-18,48.01508326990384,48.197945229358965,47.72635830448806,48.19473648071289,18987000,1.0224777733389845,68.31694117853124,148.3856786554206,33.03243624704032,150.73977728966022
2022-11-21,48.31664755048374,48.80747966844814,48.18190579465949,48.4898796081543,21157200,1.116309344284609,69.45272341568104,135.60113942462206,39.58840665108735,126.2288114836283
2022-11-22,48.76256167261212,48.906922313244,48.48025054568178,48.6631088256836,16898400,1.1909214887966613,70.12955834755059,117.0405312856916,40.60992335227937,105.53911458983973
2022-11-23,48.78821768454806,49.20205807316541,48.72405740854624,48.89729309082031,16920600,1.254487908196822,71.06299551666815,109.22093374631856,43.65510767384923,90.6048358486338
2022-11-25,48.80106228916828,49.11224115760461,48.717649508332336,49.10582733154297,8777400,1.3066297100272806,71.90492927438568,96.97608794270832,43.48308765022132,77.93738335480873
2022-11-28,48.9935464800676,49.60949410401752,48.9935464800676,49.24698257446289,17674800,1.3438514293008552,72.48843348395846,99.8215687610419,48.62426179279764,66.52113011853973
2022-11-29,49.092994692681984,49.31114555866459,48.939007789755216,49.07374954223633,13841700,1.3438800395022383,70.55183080302422,81.49855244403092,47.04430892789905,58.498605001191095
2022-11-30,48.95824461875475,49.009573573823495,48.505910267338194,48.89729309082031,31338000,1.31451128453849,68.54307602830222,59.05949318306451,34.790285883568004,18.908293013248304
2022-12-01,48.77860149724199,49.27905979251088,48.35513480898688,49.20206451416016,22732200,1.3008336409496906,70.12521562135173,60.70454268955556,38.239174049541695,5.5240521776875084
2022-12-02,48.59574492177646,49.16036723523352,48.59574492177646,49.15394973754883,20733000,1.2714550076282194,69.53065820511388,56.42553703353143,38.23917404954169,36.17987083493314
2022-12-05,49.00316508317804,49.08336543691038,48.28455596265622,48.65027618408203,23608200,1.1937689572265455,63.464600988417054,19.07816955510677,29.09522139631425,268.90590648781034
2022-12-06,48.50591696992329,48.73368671547043,47.86751185574781,48.08565902709961,20625600,1.0742589284947144,57.417288038529016,-54.36054567206936,17.845108254701444,331.5717347623727
2022-12-07,48.28135841939779,48.50912819380619,47.74240241274197,47.8354377746582,17550300,0.9484227783990063,54.919738248766,-95.461554402926,14.618153209356333,230.5254148706145
2022-12-08,48.03185879192742,48.07049787181458,47.70340265923659,47.90949249267578,13512600,0.8449324641955229,55.53617919804318,-137.64117714964655,13.574113144967448,182.3124707636652
2022-12-09,47.48765421647208,47.56816059787169,46.76311889493887,46.7921028137207,27929400,0.6650849505958618,45.43956383426166,-224.1607702293205,8.149296978072552,135.418643616421
2022-12-12,46.982089002550914,47.69052747850297,46.87260607141244,47.66476440429688,19432200,0.5862134933133589,52.67574583509348,-130.64125137243587,5.3258904033908125,97.20567377169532
2022-12-13,48.30235369327429,48.36675584881809,47.252583080166445,47.49409484863281,23408100,0.5041244554656785,51.244309062628034,-79.24348647498425,8.837864204229117,85.3130895254974
2022-12-14,47.36529133210771,47.82899352919816,47.00141322258679,47.23004531860352,20334600,0.4130008940104162,49.02463176165191,-98.69658865281956,3.2823024290176925,75.4966996286297
2022-12-15,46.879048499589885,47.1495405145392,46.25111639611204,46.808204650878906,17514000,0.3032501200146171,45.62454152875597,-134.5771697543048,11.28546572046437,65.33962467675317
2022-12-16,46.524831197941126,46.60211673982523,45.909782448686265,45.96774291992188,40343100,0.1467618243003698,39.71463207716947,-158.19404001823398,17.019672028042766,45.91739241189137
2022-12-19,46.05146394523989,46.22857356471188,45.639284238234005,45.98384094238281,15067500,0.0237687075205599,39.87527982843764,-146.51569352290406,21.357813523442253,33.41974892472505
2022-12-20,46.02248966223771,46.57635713644012,45.80674093121905,46.38636779785156,17009400,-0.0407538850475504,43.90083814673215,-102.62591774944694,13.166108621595429,9.537868166812125
2022-12-21,46.47330662204382,46.99497295054756,46.45398523744991,46.75024032592773,13726500,-0.0618144737367458,47.33361560755168,-55.42161774161022,4.060987079513798,8.69086483003615
2022-12-22,46.618216577947415,46.685839583488615,45.70369189543394,46.20281600952149,13082400,-0.1212796727508589,43.064229268114005,-88.75577076072999,16.957439031449486,42.30531071896463
2022-12-23,46.0643467442076,46.30585851856006,45.8163932800729,46.29619598388672,9547500,-0.159037996841036,43.99225120504215,-83.486456219537,16.957439031449486,109.13123082915806
2022-12-27,46.38314304212607,46.51517189402719,46.1094301734487,46.30908203125,10044600,-0.1857803837677138,44.12758962508123,-58.26082850507371,12.082727240300944,83.28419471536736
2022-12-28,46.19959366332157,46.26399582171062,45.37523424337434,45.49760055541992,15246300,-0.2693488059700115,37.914324586676486,-111.54475038701156,24.041750631452267,124.92296097500116
2022-12-29,45.77131134378585,46.054683038988834,45.64572419246492,45.77452850341797,9171900,-0.3096620206076323,40.96898398714759,-88.70137060648844,24.041750631452256,148.58036283958776
2022-12-30,45.58454647234944,45.72301332863685,45.34303468511222,45.65860748291016,11505900,-0.3469647970097256,40.08002953953162,-106.21060576889508,28.68033603020428,36.59785746852075
2023-01-03,45.903340179113,46.27687713303174,45.75521447260795,46.241458892822266,17249700,-0.3257413350296616,46.37990846924587,-36.463134570552015,14.85854787403774,137.29878486690538
2023-01-04,46.18349725207916,46.38636628024557,45.74877527373855,46.2929801940918,13338300,-0.3012911532057813,46.91125364051699,-17.544599117933302,12.290819562233484,127.42618593036788
2023-01-05,46.1963741863396,46.41212289740263,45.93554101492736,46.13519287109375,13274400,-0.2912885333469646,45.42658596264502,5.595787342670825,11.658437232124928,129.39752967160433
2023-01-06,46.563467917955904,47.513414416633786,46.44754330537163,47.26546096801758,21231900,-0.1899683586790743,56.13577768007336,243.6053660505058,11.334241201168291,106.541386219316
2023-01-09,47.11733778028039,47.61324101866256,46.62787254644207,46.67617416381836,17756700,-0.1554302078220715,50.564541455043056,156.78725154113746,13.08142776462148,23.30774038847186
2023-01-10,46.67295711401302,46.83718704865884,46.28331961328293,46.64719772338867,11970600,-0.1289106295174136,50.30018833396453,63.89077434474809,5.364043565834541,18.655568107344013
2023-01-11,46.93056887678059,47.07225288272498,46.60532988209626,47.05615234375,14834700,-0.0740409545260547,53.95867089902991,102.84253667238885,9.88265967812934,18.264389211950768
2023-01-12,47.146320536164936,47.149541381197785,46.49584987626984,46.63109588623047,12472800,-0.0641157589984757,49.85116897142634,75.68604758201235,7.312676490545809,34.137803608111525
2023-01-13,46.86294546017221,46.95633154088371,46.32518226164391,46.78566360473633,13699800,-0.0432787563653036,51.3028686229238,54.44518686041936,3.25827300432452,24.34062242561056
2023-01-17,46.78566806206638,46.9209140858473,46.43466962116618,46.50229263305664,15122400,-0.049065355959172,48.52928600806936,37.21603053739376,3.2582730043245327,0.2360512475089174
2023-01-18,46.434667286103824,46.4507678269263,45.236770834130574,45.35269546508789,22674300,-0.1447456242429439,39.25691787793163,-96.25397821607766,21.02913669829714,197.50992836188877
2023-01-19,45.529799909961,45.57488068209024,44.69255714190861,44.70544052124024,17342100,-0.2696921476298399,35.181135469793,-169.7747101086753,29.179035251360425,149.29927340103876
2023-01-20,44.88898932491275,45.333370108980304,44.49291015908258,45.25608825683594,29543100,-0.3205849930549007,40.81124874986519,-141.76145101325153,31.953437810678707,166.8324603174363
2023-01-23,45.23032652050533,46.05146511036052,45.14660297604868,45.93231964111328,13149900,-0.3028605308324117,46.90992024082875,-63.808897174711085,14.568376295506813,179.72311333309548
2023-01-24,47.19139478837936,47.19139478837936,45.4042093006173,46.05467987060547,13669200,-0.2757615118572047,47.95489451671157,-4.4228738593981,6.4927521771552,124.99742709115252
2023-01-25,45.80351897990688,45.996729159178415,45.2077879009178,45.83572006225586,12491700,-0.2688543847010223,46.202365419726696,-61.85409319185926,2.979861717049436,114.26790472754404
2023-01-26,46.05790777879773,46.28976071736842,45.64894889768921,45.793853759765625,15819000,-0.2637187122308546,45.85728089571669,-32.27190729827065,7.862891913342914,102.49231567184144
2023-01-27,45.91944043853471,46.5216094812531,45.6457275723152,46.14485168457031,18412800,-0.2286898613113379,49.27774067216591,-3.515632489433378,11.65168480790261,71.06222845176569
2023-01-30,45.76486965416734,45.87113542180988,45.491156808214974,45.77452850341797,15897600,-0.2281809029755948,45.97746313966683,-42.99574717084481,8.449824393448154,96.01618067754907
2023-01-31,45.82927567037857,46.331620632803535,45.61674780236691,46.32840347290039,14103600,-0.1809980360247678,51.23763528916893,11.85950962479005,16.16320558792149,45.67707549607417
2023-02-01,46.260774659401726,46.88870675491919,45.95163987904221,46.58600997924805,12849300,-0.1214189399184704,53.50519725860104,74.62007923365705,24.45558752679369,65.59259150015285
2023-02-02,46.50228191973444,46.64719044621686,46.028920945555406,46.24789047241211,17806800,-0.1003289655666179,50.20514573369867,58.63679359154907,24.455587526793696,76.11719283716873
2023-02-03,46.16417973071261,46.35738992450392,45.35914155595636,45.63285446166992,17155500,-0.1317248330645029,44.79321769422013,-17.461856270571396,9.37123860535374,43.59986888739967
2023-02-06,45.6682654461228,45.75843067297156,45.09185584841591,45.30116653442383,17454000,-0.1812810330432768,42.15410773613269,-80.50657450794776,3.9563226630598978,50.28711220777418
2023-02-07,45.008136254012975,45.5008186723368,44.66035869511269,45.39777374267578,16341300,-0.2103346770060596,43.20372182891703,-102.22949337198564,4.282529041183839,211.2073892399796
2023-02-08,45.18847139755255,45.436421212283655,45.07898476652151,45.15304946899414,11691300,-0.2502226913787879,41.1659861397382,-103.2545472201265,4.2825290411838415,208.8940587568687
2023-02-09,45.36235588191615,45.70690891349479,45.26574895631603,45.57166290283203,13064400,-0.2452287798104748,45.86917215725333,-60.26939345764503,1.398639080076272,181.97444160778124
2023-02-10,46.07722514640424,46.350937991637394,45.78097007274268,46.28009414672852,15002700,-0.1820085073613881,52.75268378821176,58.73125374743454,13.484135032195956,151.26122750767894
2023-02-13,46.5988967545095,47.052940108512445,46.53449090669191,46.985313415527344,16015800,-0.0741459760812972,58.42095978543767,168.29006476659387,24.366283309908283,83.63113809296603
2023-02-14,46.92735650254114,47.37817536039249,46.55059866327218,46.85007095336914,13831200,0.000418101029588,57.00846525234926,143.88252848790344,28.832545274324435,78.06468413053676
2023-02-15,46.67939616422437,47.20750417910787,46.55059184803239,47.19784164428711,14674200,0.0865748763773908,59.706326115036056,125.08317754956896,28.832373593428635,61.55342739886759
2023-02-16,46.84684421278085,47.011074141515856,46.42822649137048,46.45720672607422,16312200,0.0940080273892789,52.194323044840175,68.4192743889115,25.59617750692089,26.033519760162367
2023-02-17,46.727691338542094,47.23647789879418,46.55380258752224,47.15597152709961,24770700,0.1545023260998874,57.61284896527153,95.68547458726025,29.127790814985865,57.55964674164513
2023-02-21,46.009603440407936,47.7678088630256,45.77452967064097,47.44257354736328,54393900,0.2230002731323708,59.63378524284349,83.15844022527435,9.735156835376443,37.77940082467661
2023-02-22,47.26224869297312,47.519861037191504,45.97096612660768,46.44755172729492,29844000,0.1947504821907415,50.61169238088138,42.54123722568522,9.735156835376442,161.54589634998993
2023-02-23,46.48940503150584,46.48940503150584,45.31082642152139,45.75521087646485,22021200,0.1151686068034152,45.45822612446682,-38.60188978434626,4.374216492608364,175.02306964809748
2023-02-24,45.35269156817797,45.96452312239328,44.93084932748515,45.87757873535156,20623500,0.0612672104789098,46.495213102343534,-63.032556737663455,11.433154357304632,129.1748361330812
2023-02-27,45.95486496686582,46.07723128936971,45.29473173142637,45.54590606689453,16647300,-0.0081196486320678,44.05053203341275,-61.68689907006323,8.86607340313787,123.62795770502346
2023-02-28,45.40421879802173,45.93554402564389,45.388118256892426,45.768096923828125,18054000,-0.0446654140646813,46.09528979280247,-63.058578663863074,8.866073403137872,109.88746955710036
