date,Current Ratio,Acid Test Ratio,Debt Ratio,Debt to Equity Ratio,Interest Coverage Ratio,Asset Turnover Ratio,Inventory Turnover Ratio,Day Sales in Inventory Ratio,Return on Ratio,Return on Equity Ratio,Quality Score,ticker
2021-10-01,1.3498262354105164,0.3195977053142116,1.1107493457645767,-9.929086061696678,1.366115792655401,0.1118988638586712,0.1762046253595743,2072.9177184521754,0.0022751268617348,-0.0205817719404375,0.0761331911148394,BA
2021-10-04,1.3502314036647212,0.3212182214332578,1.1103243472908046,-9.967469019775582,1.3401941061229616,0.1116533046158695,0.1758766103670101,2076.972409159579,0.0021759384945128,-0.0196529267473542,0.0760723447615141,BA
2021-10-05,1.350623910410982,0.3227880964235838,1.1099126300193378,-10.00465251041452,1.315082472294661,0.1114154190994054,0.1755588458429635,2080.900390782376,0.0020798497637666,-0.0187531079665548,0.0760133998567303,BA
2021-10-06,1.3510041513214224,0.3243089128204621,1.1095137789126044,-10.040674016970993,1.2907555770234946,0.1111849675053308,0.1752510114602933,2084.7056229794607,0.0019867638058562,-0.0178814085226554,0.0759562969802209,BA
2021-10-07,1.3513725097034115,0.325782203704938,1.1091273919029565,-10.075569851447574,1.2671888972295522,0.110961717523571,0.1749527969020816,2088.3919416703866,0.0018965867841304,-0.0170369496863778,0.0759009785686024,BA
2021-10-08,1.3517293568859634,0.3272094542492739,1.10875307948736,-10.109375191096762,1.2443586761791705,0.1107454441037413,0.174663901548814,2091.963062902221,0.0018092277943336,-0.0162188801887339,0.0758473888573471,BA
2021-10-11,1.3520750525940606,0.3285921032140995,1.1083904643347509,-10.142124113881913,1.222241899536613,0.1105359292282812,0.174384034175336,2095.4225865955605,0.001724598772968,-0.0154263753628913,0.0757954738245684,BA
2021-10-12,1.3524099453112797,0.3299315443987742,1.108039180905661,-10.173849632830027,1.200816272164136,0.1103329616926792,0.1741129126572792,2098.7740001734837,0.00164261440852,-0.0146586363128564,0.0757451811365641,BA
2021-10-13,1.3527343726310856,0.3312291280464278,1.10769887508373,-10.204583729311016,1.1800601956470484,0.1101363368925648,0.1738502636866617,2102.020682077096,0.0015631920554611,-0.013914889108135,0.0756964600950599,BA
2021-10-14,1.3530486615971478,0.3324861622050923,1.1073692038187344,-10.23435738527697,1.15995274652112,0.1099458566174539,0.1735958224963759,2105.1659051712204,0.0014862516509352,-0.0131943840035612,0.0756492615861027,BA
2021-10-15,1.3533531290330203,0.3337039140462985,1.1070498347807698,-10.26320061449399,1.140473655180377,0.1097613288509403,0.1733493325932866,2108.2128400436536,0.0014117156340507,-0.0124963946835053,0.0756035380305505,BA
2021-10-18,1.353648081861522,0.334883611142467,1.1067404460252417,-10.291142492797976,1.1216032854440317,0.1095825675771303,0.1731105454996689,2111.1645582013234,0.0013395088676939,-0.0118202175297012,0.0755592433361092,BA
2021-10-19,1.3539338174141329,0.3360264427043802,1.1064407256683235,-10.318211187404966,1.1033226147619477,0.1094093925931267,0.1728792205027267,2114.0240351665657,0.0012695585627858,-0.0111651709119534,0.0755163328508693,BA
2021-10-20,1.3542106237307248,0.3371335607799837,1.1061503715725596,-10.344433985305486,1.0856132150386786,0.1092416293273734,0.1726551244119389,2116.794153476644,0.001201794204906,-0.0105305945010103,0.075474763318293,BA
2021-10-21,1.3544787798499232,0.3382060814157245,1.105869091042288,-10.369837320771614,1.0684572340567615,0.1090791086636748,0.1724380313239882,2119.477705589533,0.00113614748321,-0.0099158486029091,0.0754344928336098,BA
2021-10-22,1.3547385560903966,0.3392450857815984,1.105596600528587,-10.394446802004426,1.0518373774805296,0.1089216667707167,0.1722277223950361,2122.0773966988936,0.0010725522215669,-0.0093203135141236,0.075395480801573,BA
2021-10-25,1.3549902143233552,0.3402516212610388,1.10533262534344,-10.418287236948713,1.0357368914223049,0.1087691449369137,0.1720239856201136,2124.595847461087,0.0010109443118502,-0.0087433888968626,0.0753576878955373,BA
2021-10-26,1.355234008236534,0.3412267025067466,1.1050768993828284,-10.44138265830099,1.0201395455533997,0.1086213894104169,0.1718266156194075,2127.0355966369616,0.0009512616493122,-0.0081844931738911,0.0753210760178152,BA
2021-10-27,1.3554701835899257,0.3421713124635261,1.1048291648584858,-10.463756347736007,1.0050296167428976,0.1084782512441232,0.1716354134312235,2129.39910365109,0.0008934440699785,-0.0076430629422624,0.0752856082612719,BA
2021-10-28,1.355698978463524,0.3430864033591562,1.104589172038029,-10.485430859376184,0.9903918732077238,0.1083395861455262,0.1714501863114202,2131.688751071027,0.0008374332899989,-0.0071185524053721,0.0752512488721206,BA
2021-10-29,1.3559206234973225,0.3439728976642979,1.1043566789932115,-10.506428042527604,0.9762115591580244,0.1082052543312603,0.1712707475391108,2133.906847009091,0.0007831728468937,-0.0066104328227596,0.0752179632138803,BA
2021-11-01,1.3561353421238147,0.3448316890224039,1.1041314513560443,-10.526769063705542,0.9624743799223776,0.1080751203861902,0.171096916228436,2136.0556274490905,0.0007306080426356,-0.0061181919771038,0.07518571773246,BA
2021-11-02,1.356343350793229,0.3456636431505691,1.103913262082539,-10.54647442797167,0.9491664875378452,0.1079490531269036,0.1709285171462199,2138.13725850034,0.0006796858885105,-0.0056413336578747,0.0751544799223341,BA
2021-11-03,1.3565448591917242,0.3464695987122291,1.1037018912238306,-10.565563999604482,0.9362744667903292,0.1078269254694697,0.1707653805353229,2140.1538385812382,0.0006303550517018,-0.0051793771611215,0.0751242182937746,BA
2021-11-04,1.3567400704527663,0.3472503681625873,1.1034971257044568,-10.584057022123767,0.9237853216911732,0.1077086143013306,0.1706073419435166,2142.107400534608,0.0005825658035434,-0.0047318568048918,0.0750949023411076,BA
2021-11-05,1.3569291813619009,0.3480067385676217,1.1032987591075634,-10.601972137689328,0.911686462376366,0.1075940003571958,0.1704542420577041,2143.999913676935,0.00053626996939,-0.0042983214597944,0.0750665025119614,BA
2021-11-08,1.357112382555125,0.3487394723974988,1.103106591466823,-10.61932740589346,0.8999656924151462,0.1074829680988153,0.1703059265433233,2145.8332857835644,0.0004914208800538,-0.0038783340942312,0.0750389901774761,BA
2021-11-09,1.357289858711061,0.3494493082951923,1.1029204290648558,-10.636140321966217,0.8886111965152147,0.1073754055985091,0.1701622458887669,2147.609365011862,0.0004479733247594,-0.0034714713338419,0.0750123376034434,BA
2021-11-10,1.3574617887371236,0.3501369618210829,1.10274008423795,-10.652427834411698,0.8776115286121561,0.1072712044263375,0.1700230552546654,2149.3299417642747,0.000405883505568,-0.0030773230347147,0.0749865179223492,BA
2021-11-11,1.357628345949872,0.3508031261742893,1.102565375186885,-10.668206362093258,0.866955600331068,0.1071702595407963,0.1698882143278796,2150.9967504931747,0.0003651089932262,-0.0026954918699353,0.0749615051062893,BA
2021-11-12,1.357789698249722,0.3514484728914581,1.1023961257936656,-10.68349181078477,0.856632669808764,0.1070724691829282,0.1697575871800558,2152.6114714492965,0.0003256086843952,-0.0023255929290552,0.0749372739407312,BA
2021-11-15,1.3579460082902015,0.3520736525237153,1.1022321654439844,-10.698299589204671,0.8466323308652819,0.1069777347737435,0.1696310421306015,2154.17573237554,0.0002873427602151,-0.0019672533300776,0.0749137999990968,BA
2021-11-16,1.3580974336419165,0.3526792952924645,1.102073328855231,-10.71264462454895,0.8369445025137836,0.1068859608148459,0.1695084516139427,2155.6911101478377,0.0002502726461657,-0.0016201118435681,0.0748910596181385,BA
2021-11-17,1.35824412695139,0.3532660117246903,1.1019194559098755,-10.72654137753872,0.8275594187982697,0.1067970547921638,0.1693896920509295,2157.1591323647517,0.0002143609731803,-0.001283818528512,0.0748690298740851,BA
2021-11-18,1.3583862360949426,0.353834393268409,1.101770391494063,-10.740003856997562,0.8184676189488655,0.1067109270826905,0.1692746437242604,2158.5812788873864,0.0001795715399757,-0.0009580343795514,0.0748476885595334,BA
2021-11-19,1.358523904327759,0.3543850128888866,1.1016259853412445,-10.753045633973317,0.8096599378447553,0.1066274908641382,0.1691631906577997,2159.9589833311893,0.0001458692765587,-0.0006424309852458,0.0748270141610614,BA
2021-11-22,1.3586572704283,0.3549184256462241,1.1014860918807017,-10.765679855418574,0.8011274967751485,0.1065466620274157,0.1690552204996659,2161.2936345111234,0.0001132202088735,-0.0003366901970123,0.0748069858375417,BA
2021-11-23,1.3587864688381992,0.3554351692548949,1.1013505700908004,-10.777919257443669,0.7928616944889669,0.1064683590918408,0.1689506244089738,2162.5865778416846,8.159142455358036e-05,-4.050380841111715e-05,0.074787583399132,BA
2021-11-24,1.358911629797789,0.3559357646257947,1.1012192833568335,-10.78977617815548,0.7848541985242286,0.1063925031230026,0.1688492969461158,2163.8391166931656,5.095103974356216e-05,0.0002464267555463,0.0747687872869225,BA
2021-11-26,1.3590328794773916,0.3564207163913539,1.1010920993333035,-10.801262570095046,0.7770969368083882,0.1063190176531906,0.1687511359664721,2165.052513705538,2.126816695885704e-05,0.0005243907393801,0.0747505785532196,BA
2021-11-29,1.3591503401045066,0.3568905134142394,1.1009688898105088,-10.8123900122865,0.7695820895211678,0.1062478286043102,0.1686560425174423,2166.2279920612737,-7.487116051326041e-06,0.000793668348719,0.074732938842445,BA
2021-11-30,1.3592641300870243,0.3573456292801596,1.1008495305853012,-10.823169721909474,0.7623020812116731,0.1061788642132073,0.1685639207386947,2167.3667367183925,-3.53437964674409e-05,0.0010545310327661,0.074715850372632,BA
2021-12-01,1.3593743641325884,0.3577865227752699,1.1007339013358814,-10.83361256560673,0.7552495731618502,0.1061120549593264,0.168474677765533,2168.4698956049765,-6.232995562055216e-05,0.0013072417579368,0.0746992959175007,BA
2021-12-02,1.3594811533642286,0.358213638348658,1.100621885500506,-10.843729070438446,0.7484174559885841,0.1060473334946293,0.1683882236352825,2169.5385807763546,-8.847279730012871e-05,0.0015520552729459,0.0746832587890923,BA
2021-12-03,1.35958460543238,0.3586274065603778,1.1005133701599863,-10.85352943449417,0.7417988424769827,0.1059846345757039,0.1683044711966024,2170.573869536127,-0.0001137986751772,0.0017892183656109,0.0746677228209466,BA
2021-12-06,1.3596848246234017,0.3590282445154812,1.1004082459238576,-10.863023537173154,0.7353870606376188,0.105923894997995,0.168223336021631,2171.5768055221565,-0.0001383331193706,0.0020189701116302,0.0746526723518055,BA
2021-12-07,1.3597819119647037,0.3594165562844878,1.1003064068201078,-10.87222094914342,0.7291756469807351,0.1058650535320895,0.1681447363208775,2172.5483997586225,-0.000162100862183,0.0022415421155863,0.074638092209825,BA
2021-12-08,1.3598759653265902,0.3597927333107129,1.1002077501883505,-10.881130941989612,0.723158340000629,0.1058080508619935,0.1680685928607725,2173.4896316751992,-0.0001851258630325,0.0024571587444188,0.0746239676972814,BA
2021-12-09,1.3599670795209178,0.3601571548048685,1.1001121765763353,-10.889762497559362,0.7173290738636511,0.105752829525338,0.1679948288837958,2174.4014500943827,-0.0002074313326054,0.0026660373536003,0.0746102845757548,BA
2021-12-10,1.3600553463966727,0.3605101881273317,1.1000195896396958,-10.898124317017558,0.7116819722934538,0.105699333855453,0.1679233700310997,2175.284774187967,-0.0002290397562542,0.0028683885062449,0.0745970290517759,BA
2021-12-13,1.3601408549325602,0.3608521891584679,1.0999298960448265,-10.906224829617685,0.7062113426473251,0.105647509925252,0.1678541442675503,2176.140494403627,-0.000249972916664,0.0030644161853694,0.0745841877629214,BA
2021-12-14,1.3602236913267012,0.3611835026573811,1.0998430053747963,-10.914072201199058,0.700911670177638,0.1055973054928697,0.1677870818091118,2176.969473362548,-0.000270251915811,0.0032543179995212,0.0745717477643435,BA
2021-12-15,1.3603039390835252,0.3615044626094533,1.0997588300382048,-10.921674342418513,0.6957776124726286,0.1055486699489993,0.1677221150524995,2177.7725467290024,-0.0002898971962346,0.0034382853819807,0.0745596965157213,BA
2021-12-16,1.3603816790979486,0.3618153925630232,1.0996772851808818,-10.92903891672486,0.6908039940709008,0.1055015542658749,0.1676591785070314,2178.550524052755,-0.000308928561645,0.0036165037837384,0.0745480218686184,BA
2021-12-17,1.3604569897369212,0.362116605955544,1.09959828860035,-10.936173348084134,0.6859858012442269,0.1054559109478481,0.1675982087286091,2179.3041895851406,-0.0003273651968863,0.0037891528604412,0.0745367120542375,BA
2021-12-20,1.360529946918426,0.3624084064295486,1.09952176066296,-10.94308482846343,0.6813181769433867,0.1054116939835097,0.1675391442557625,2180.034303069639,-0.0003452256872763,0.003956406653497,0.0745257556715561,BA
2021-12-21,1.3606006241880086,0.3626910881387405,1.0994476242236135,-10.949780325080871,0.6767964159019477,0.1053688587993068,0.1674819255476924,2180.7416005077466,-0.0003625280373416,0.0041184337655198,0.0745151416758334,BA
2021-12-22,1.3606690927929168,0.3629649360445202,1.0993758045479964,-10.95626658742902,0.6724159598930537,0.1053273622146103,0.1674264949242495,2181.4267949009136,-0.0003792896889674,0.0042753975302919,0.0745048593674771,BA
2021-12-23,1.3607354217539216,0.3632302262032443,1.0993062292372424,-10.962550154078787,0.6681723931344377,0.1052871623981855,0.1673727965077892,2182.090576969294,-0.0003955275389799,0.0044274561774149,0.0744948983812568,BA
2021-12-27,1.360799677934895,0.3634872260445082,1.0992388281549494,-10.968637359270751,0.6640614378370283,0.105248218826024,0.1673207761668432,2182.733615848037,-0.0004112579561795,0.0045747629918153,0.074485248675856,BA
2021-12-28,1.360861926110213,0.3637361946407327,1.0991735333564785,-10.974534339300469,0.660078949892663,0.1052104922404926,0.1672703814615518,2183.3565597618203,-0.0004264967978416,0.0047174664682656,0.074475900523749,BA
2021-12-29,1.3609222290300524,0.3639773829683251,1.0991102790204592,-10.980247038704253,0.6562209146965591,0.105173944610759,0.1672215615908008,2183.960036678297,-0.0004412594257018,0.0048557104610769,0.0744668445013953,BA
2021-12-30,1.3609806474836468,0.3642110341606803,1.0990490013824408,-10.98578121625167,0.6524834431003333,0.1051385390944546,0.1671742673410107,2184.544654941135,-0.0004555607214413,0.0049896343291129,0.0744580714797401,BA
2021-12-31,1.359866390433996,0.3633037844012135,1.0993021921430532,-10.962076026608695,0.4411421252160043,0.1051894778059548,0.1674398238431498,2181.2068497374585,-0.0013805025192237,0.0135092866282196,0.0774965159537607,BA
2022-01-03,1.3587869539171469,0.3624248861967301,1.0995474706923969,-10.939111624142068,0.2364052235155605,0.1052388246827207,0.1676970817045971,2177.9733509463967,-0.0022765398858253,0.0217626997929792,0.0804400090379682,BA
2022-01-04,1.3577412497914492,0.3615734535611367,1.0997850842870731,-10.916864859252518,0.0380663499932556,0.1052866294695877,0.1679463002578741,2174.840898992556,-0.0031445760847207,0.0297581937963401,0.0832915179632941,BA
2022-01-05,1.3567282239196796,0.3607486281954057,1.100015272456916,-10.895313305765768,-0.1540744337314771,0.105332940356865,0.1681877307313612,2171.806336162272,-0.0039854861524005,0.0375038286120959,0.0860539172347037,BA
2022-01-06,1.3557468551064027,0.3599495786223537,1.100238267246451,-10.87443523832548,-0.3402108179648121,0.1053778040289149,0.1684216165025518,2168.8666034204343,-0.0048001177804654,0.0450074123398594,0.0887299915288817,BA
2022-01-07,1.3547961540685407,0.3591754993484596,1.1004542934488133,-10.8542096104927,-0.5205304401908553,0.1054212657112133,0.1686481933433927,2166.0187373267795,-0.0055892921701532,0.0522765090761303,0.0913224385013666,BA
2022-01-10,1.353875162438112,0.3584256100518747,1.1006635688323516,-10.834616033529697,-0.6952150742223345,0.1054633692159398,0.1688676896579574,2163.2598670485518,-0.0063538048601633,0.0593184465393927,0.0938338715059614,BA
2022-01-11,1.3529829517961345,0.357699154795808,1.1008663043601543,-10.815634755846784,-0.8644408134403301,0.1055041569861437,0.1690803267126919,2160.5872114665176,-0.0070944265286106,0.0661403234569281,0.0962668222291626,BA
2022-01-12,1.352118622736718,0.3569954012664935,1.1010627044027133,-10.797246643091464,-1.0283782483077633,0.1055436701385287,0.1692863188594659,2157.9980763714225,-0.0078119037699189,0.0727490167207906,0.0986237432422637,BA
2022-01-13,1.3512813039604088,0.3563136400349699,1.101252966943942,-10.779433158859748,-1.187192638335589,0.1055819485049016,0.1694858737516533,2155.489851748049,-0.0085069598474363,0.0791511883201573,0.1009070104737055,BA
2022-01-14,1.3504701513958592,0.3556531838419315,1.1014372837807578,-10.762176346010271,-1.3410440786750455,0.1056190306723254,0.1696791925534598,2153.060009144156,-0.0091802954225313,0.0853532920570439,0.1031189256041646,BA
2022-01-18,1.3496843473489517,0.3550133669049256,1.101615840716423,-10.745458808562343,-1.4900876615038938,0.1056549540220172,0.1698664701427099,2150.706099121635,-0.0098325892609046,0.0913615800521528,0.105261718386797,BA
2022-01-19,1.3489230996785102,0.3543935442472011,1.1017888177478483,-10.729263694159664,-1.6344736323693407,0.1056897547670312,0.1700478953072959,2148.4257487873174,-0.0104644989168287,0.0971821090474144,0.107337548894972,BA
2022-01-20,1.34818564099777,0.3537930910475305,1.101956389247042,-10.713574677082065,-1.7743475416452423,0.1057234679887634,0.1702236509354885,2146.2166594009477,-0.0110766613960052,0.1028207465115742,0.1093485096997666,BA
2022-01-21,1.3474712279008028,0.3532114020103496,1.1021187241368855,-10.698375941788145,-1.909850391256272,0.1057561276723165,0.1703939142003002,2144.076604057901,-0.0116696937977074,0.108283176554979,0.1112966279794114,BA
2022-01-24,1.3467791402131155,0.3526478907555806,1.1022759860614215,-10.683652166972156,-2.041118776816957,0.1057877667407586,0.1705588567380865,2142.003425444326,-0.0122441939368565,0.1135749056595274,0.1131838675628173,BA
2022-01-25,1.346108680265669,0.3521019892275231,1.102428333550816,-10.669388510119168,-2.1682850253288706,0.1058184170883119,0.1707186448215669,2139.995033662424,-0.0128007409466571,0.1187012682295586,0.1150121309092417,BA
2022-01-26,1.34545917219158,0.3515731471222175,1.102575920181167,-10.655570592542835,-2.2914773285747865,0.1058481096125041,0.1708734395274386,2138.049404123707,-0.0133398958624014,0.1236674319692764,0.1167832610260904,BA
2022-01-27,1.3448299612448062,0.3510608313327026,1.1027188947293192,-10.642184484890764,-2.410819872344268,0.1058768742453153,0.1710233968987518,2136.164575508075,-0.0138622021870288,0.128478403092128,0.1184990433267876,BA
2022-01-28,1.3442204131401192,0.3505645254116101,1.1028574013228416,-10.62921669310282,-2.526432961620953,0.1059047399833512,0.1711686681022115,2134.338647786681,-0.0143681864390115,0.1331390313673905,0.1201612074305879,BA
2022-01-31,1.3436299134137035,0.3500837290505517,1.1029915795853165,-10.61665414480825,-2.6384331418577416,0.1059317349170734,0.1713093995805631,2132.569780306581,-0.0148583586831198,0.137654015009051,0.1217714289061445,BA
2022-02-01,1.3430578668037387,0.3496179575757764,1.1031215647770891,-10.604484176147883,-2.7469333164621306,0.1059578862591169,0.1714457332002161,2130.856189935234,-0.0153332130445997,0.1420279054119096,0.12333133096059,BA
2022-02-02,1.342503696650335,0.3491667414595878,1.1032474879316188,-10.592694519008154,-2.852042860610132,0.1059832203717214,0.171577806394255,2129.196149262992,-0.0157932282072833,0.1462651117396789,0.124842486075834,BA
2022-02-03,1.3419668443142252,0.3487296258470301,1.1033694759875694,-10.58127328865404,-2.9538677315035087,0.1060077627933071,0.1717057523009802,2127.587984861757,-0.0162388678961331,0.1503699053697054,0.1263064175937267,BA
2022-02-04,1.341446768613619,0.3483061700973649,1.1034876519167716,-10.570208971748494,-3.052510575181467,0.1060315382642182,0.1718296998981203,2126.0300755980606,-0.0166705813447063,0.1543464241987935,0.1277246012516852,BA
2022-02-07,1.3409429452786563,0.3478959473398767,1.103602134848186,-10.559490414746248,-3.1480708299944897,0.1060545707516634,0.1719497741328497,2124.5208509988547,-0.0170888037480116,0.1581986768144727,0.1290984666703326,BA
2022-02-08,1.3404548664229117,0.34749854404356,1.103713040187994,-10.54910681265032,-3.2406448268446053,0.1060768834738759,0.1720660960477438,2123.058789668374,-0.0174939567012137,0.1619305465359119,0.1304293987946471,BA
2022-02-09,1.3399820400314089,0.3471135596002532,1.103820479735933,-10.539047698119887,-3.330325886293154,0.1060984989235192,0.1721787829027974,2121.642417754472,-0.0178864486246281,0.1655457953285561,0.1317187392900769,BA
2022-02-10,1.3395239894646405,0.3467406059207997,1.103924561797999,-10.529302930918536,-3.417204412633937,0.1061194388903612,0.1722879482936307,2120.270307462878,-0.0182666751754359,0.1690480675964302,0.1329677878950245,BA
2022-02-11,1.3390802529780836,0.3463793070438292,1.1040253912956253,-10.519862687692225,-3.5013679850265698,0.1061397244832394,0.1723937022660004,2118.941075617897,-0.0186350196465309,0.1724408938559332,0.1341778037310675,BA
2022-02-14,1.3386503832567318,0.3460292987567639,1.1041230698714508,-10.510717452066734,-3.5829014457819324,0.1061593761513401,0.1724961514267335,2117.6533822680717,-0.0189918533529042,0.1757276942948267,0.1353500065722341,BA
2022-02-15,1.3382339469641722,0.3456902282286695,1.1042176959917818,-10.50185800505454,-3.66188698588869,0.1061784137048127,0.1725953990511938,2116.405929335428,-0.0193375360059533,0.1789117822200048,0.1364855780746143,BA
2022-02-16,1.3378305243057549,0.345361753654578,1.1043093650458524,-10.493275415761476,-3.738404227867112,0.1061968563347393,0.1726915451873896,2115.197459306929,-0.0196724160760946,0.1819963673975211,0.1375856629675451,BA
2022-02-17,1.3374397086054133,0.3450435439109269,1.104398169441983,-10.484961032383822,-3.812530306033708,0.1062147226324807,0.1727846867568294,2114.026753966821,-0.0199968311440441,0.1849845592882401,0.1386513702075718,BA
2022-02-18,1.3370611058957074,0.3447352782217649,1.104484198700735,-10.476906473486718,-3.884339944257598,0.1062320306084176,0.1728749176522241,2112.892633168592,-0.0203111082411201,0.187879370182374,0.1396837740963477,BA
2022-02-22,1.3366943345206797,0.3444366458353892,1.1045675395451509,-10.469103619555147,-3.953905531286992,0.1062487977101065,0.1729623288321378,2111.793953645307,-0.0206155641789125,0.1906837182360663,0.1406839153635993,BA
2022-02-23,1.3363390247511215,0.3441473457110877,1.1046482759881786,-10.46154460480894,-4.021297193721717,0.1062650408398677,0.1730470084126791,2110.729607857125,-0.0209105058686488,0.1934004304130807,0.1416528022162493,BA
2022-02-24,1.3359948184118622,0.3438670862156707,1.1047264894173618,-10.454221809273552,-4.086582866705356,0.1062807763718238,0.1731290417563286,2109.6985228748235,-0.0211962306305809,0.1960322453345634,0.142591411354754,BA
2022-02-25,1.3356613685207046,0.3435955848294854,1.104802258676883,-10.447127851098644,-4.1498283624082575,0.1062960201684063,0.173208511557989,2108.699659298219,-0.0214730264937027,0.1985818160397497,0.1435006889576804,BA
2022-02-28,1.3353383389386455,0.3433325678616185,1.1048756601470442,-10.440255579116702,-4.2110974363704425,0.1063107875963455,0.1732854979283475,2107.732010208384,-0.0217411724861018,0.201051712660399,0.1443815516355154,BA
2022-03-01,1.3350254040310263,0.3430777701739973,1.1049467678212628,-10.433598065634197,-4.27045185177131,0.1063250935421617,0.1733600784746323,2106.794600152605,-0.0220009389162385,0.203444425011653,0.145234887354668,BA
2022-03-02,1.33472224833927,0.3428309349141143,1.105015653380662,-10.427148599448016,-4.3279514416909,0.1063389524271711,0.1734323283788457,2105.8864841610703,-0.0222525876454335,0.2057623651019303,0.1460615563325971,BA
2022-03-03,1.334428566262881,0.3425918132561027,1.1050823862663302,-10.420900679080155,-4.383654169425504,0.106352378222024,0.1735023204735525,2105.006746794271,-0.0224963723518411,0.2080078695643864,0.1468623919049659,BA
2022-03-04,1.3341440617513791,0.3423601641499039,1.105147033749321,-10.414848006223792,-4.437616186918401,0.1063653844607877,0.1735701253152996,2104.154501220184,-0.0227325387861734,0.2101832020123908,0.1476382013656982,BA
2022-03-07,1.3338684480058618,0.3421357540782739,1.1052096609984683,-10.40898447939419,-4.489891891364644,0.1063779842545901,0.1736358112557421,2103.3288883202868,-0.0229613250194329,0.212290555321395,0.1483897667807826,BA
2022-03-08,1.3336014471898918,0.3419183568213823,1.10527033114608,-10.403304187778012,-4.540533980046943,0.1063901903048361,0.1736994445105459,2102.5290758235114,-0.023182961682903,0.2143320538394929,0.1491178457766456,BA
2022-03-09,1.3333427901494208,0.3417077532287685,1.1053291053515788,-10.39780140527484,-4.58959350345792,0.106402014916012,0.173761089226137,2101.7542574672607,-0.0233976722006397,0.2163097555289002,0.1498231723038879,BA
2022-03-10,1.333092216141465,0.3415037309984239,1.1053860428631557,-10.392470584724892,-4.637119916762303,0.1064134700080886,0.1738208075443658,2101.0036521846428,-0.023605673014697,0.2182256540405135,0.1505064573771539,BA
2022-03-11,1.3328494725712572,0.3413060844627776,1.105441201077496,-10.38730635231713,-4.683161129650924,0.1064245671285378,0.1738786596651501,2100.2765033171063,-0.0238071738033151,0.2200816807236389,0.1511683897918804,BA
2022-03-14,1.3326143147376186,0.3411146143813703,1.1054946355976378,-10.382303502172112,-4.727763554636776,0.1064353174639729,0.1739347039071598,2099.5720778516807,-0.0240023776922889,0.2218797065729167,0.1518096368186466,BA
2022-03-15,1.3323865055862811,0.3409291277400069,1.1055464002890254,-10.377456991094125,-4.770972153841821,0.1064457318514258,0.1739889967666067,2098.8896656820493,-0.0241914814597323,0.2236215441144045,0.1524308448758264,BA
2022-03-16,1.332165815470923,0.3407494375561862,1.1055965473338072,-10.372761933487324,-4.812830484321708,0.1064558207892707,0.1740415929741959,2098.2285788927197,-0.024374675734443,0.2253089492327208,0.1530326401812193,BA
2022-03-17,1.3319520219216698,0.3405753626906098,1.1056451272834396,-10.368213596430737,-4.853380741974099,0.1064655944478079,0.174092545550298,2097.5881510655554,-0.0245521451880691,0.2269436229410897,0.1536156293833187,BA
2022-03-18,1.331744909420831,0.3404067276645827,1.1056921891096458,-10.363807394907166,-4.892663804074852,0.1064750626795159,0.1741419058583968,2096.9677366079904,-0.0247240687212693,0.2285272130960721,0.1541804001728525,BA
2022-03-21,1.3315442691856432,0.340243362483119,1.105737780253783,-10.359538887181207,-4.930719270484956,0.106484235028983,0.1741897236568676,2096.3667101022247,-0.024890619644057,0.2300613160587113,0.1547275218752133,BA
2022-03-22,1.331349898957805,0.340085102463576,1.105781946674666,-10.355403770321686,-4.967585503569745,0.1064931207425293,0.1742360471491361,2095.784465674764,-0.0250519658505076,0.2315474783037681,0.1552575460243754,BA
2022-03-23,1.3311616027995867,0.3399317880696437,1.1058247328948965,-10.351397875864023,-5.0032996668706335,0.1065017287775272,0.1742809230322713,2095.2204163856613,-0.0252082699880066,0.2329871979786668,0.1557710069188762,BA
2022-03-24,1.330979190896313,0.3397832647505218,1.1058661820457447,-10.347517165608163,-5.037897762568369,0.1065100678114314,0.1743243965440585,2094.673993636843,-0.0253596896212088,0.2343819264137249,0.1562684221604238,BA
2022-03-25,1.3308024793650164,0.3396393827851224,1.105906335910629,-10.343757727547802,-5.071414667775551,0.1065181462505262,0.1743665115086023,2094.1446465989256,-0.0255063773908734,0.2357330695851874,0.156750293175673,BA
2022-03-28,1.3306312900690729,0.3394999971311418,1.1059452349672356,-10.340115771926824,-5.103884169695009,0.1065259722383992,0.1744073103805042,2093.631841655943,-0.025648481167736,0.2370419895325418,0.1572171057216957,BA
2022-03-29,1.3304654504386275,0.3393649672788481,1.1059829184283232,-10.336587627419002,-5.135338999679483,0.1065335536641512,0.1744468342876591,2093.1350618674287,-0.0257861442015717,0.2383100057315413,0.1576693303756552,BA
2022-03-30,1.3303047932966336,0.3392341571094385,1.1060194242812518,-10.333169737427047,-5.165810866226942,0.1065408981703484,0.1744851230727154,2092.653806447305,-0.0259195052655999,0.2395383964243221,0.1581074230091785,BA
2022-03-31,1.329286005053144,0.3387216693648521,1.1062197302812034,-10.31685035419363,-5.053387213165286,0.106431049818617,0.1743769768142505,2093.9520581509078,-0.0253953249542957,0.2345734410970439,0.1558283415623469,BA
2022-04-01,1.3282990539422637,0.3382251968622839,1.1064137767186564,-10.301040951686254,-4.944476799261808,0.1063246342278771,0.1742722101263626,2095.2097394887714,-0.0248875252777197,0.2297636406237433,0.1536204814107288,BA
2022-04-04,1.3273429450535985,0.337744239125421,1.106601759204939,-10.285725593007234,-4.838969835792813,0.1062215441243479,0.1741707173974713,2096.428118284828,-0.0243955943410367,0.2251041464152332,0.1514816168888487,BA
2022-04-05,1.3264167145677035,0.3372783113178351,1.1067838672385255,-10.270888839286933,-4.736759964932224,0.106121675586554,0.1740723963163578,2097.608422743507,-0.023919036246125,0.2205902614007391,0.1494095918832774,BA
2022-04-06,1.3255194287844934,0.3368269437542363,1.1069602843960622,-10.256515734120391,-4.637744152536028,0.1060249279405661,0.173977147769029,2098.751842687853,-0.0234573705916793,0.216217435292948,0.1474023176591302,BA
2022-04-07,1.3246501831820083,0.3363896814269999,1.107131188517426,-10.242591788490303,-4.541822584277213,0.1059312036585153,0.1738848757388043,2099.8595307589376,-0.0230101319889351,0.2119812600010253,0.1454577707544876,BA
2022-04-08,1.3238081015046008,0.3359660835474896,1.107296751884997,-10.22910296616116,-4.448898565026487,0.1058404082602786,0.1737954872095242,2100.932603577801,-0.0225768695925266,0.2078774651869752,0.1435739909406151,BA
2022-04-11,1.3229923348796124,0.335555723101714,1.1074571413973315,-10.216035669529798,-4.358878421377345,0.1057524502182369,0.173708892071784,2101.9721428710745,-0.0221571466460059,0.2039019139608642,0.1417490792459261,BA
2022-04-12,1.322202060961655,0.335158186419869,1.1076125187374055,-10.203376725918169,-4.27167140721724,0.1056672408650089,0.1736250030320982,2102.9791965614336,-0.0217505400415639,0.2000505987105691,0.1399811960416961,BA
2022-04-13,1.3214364831036336,0.3347730727593316,1.1077630405356025,-10.1911133742944,-4.187189612249637,0.1055846943040693,0.1735437355249026,2103.954779823969,-0.0213566398935108,0.1963196370618458,0.1382685591875983,BA
2022-04-14,1.3206948295536751,0.334399993900686,1.1079088585276051,-10.179233252408878,-4.105347873374772,0.1055047273231591,0.1734650076273068,2104.8998761095504,-0.0209750491250843,0.1927052679646451,0.1366094422351911,BA
2022-04-18,1.3199763526771533,0.334038573756373,1.1080501197073584,-10.167724384332276,-4.026063688839746,0.1054272593104023,0.173388739976511,2105.815438136207,-0.0206053830681712,0.1892038479017319,0.1350021726875466,BA
2022-04-19,1.3192803282030223,0.3336884479915699,1.1081869664752442,-10.156575168383068,-3.949257135071441,0.1053522121730441,0.1733148556898024,2106.7023888495305,-0.0202472690755366,0.1858118472157847,0.133445130313266,BA
2022-04-20,1.3186060544937084,0.3333492636569168,1.1083195367816334,-10.145774365432272,-3.8748507861083934,0.1052795102587284,0.1732432802870536,2107.561622353063,-0.0199003461451718,0.1825258465512734,0.1319367455131817,BA
2022-04-21,1.3179528518378103,0.3330206788327216,1.108447964265948,-10.13531108757369,-3.802769635550444,0.1052090802792351,0.1731739416156406,2108.3940048096097,-0.0195642645563809,0.179342533407528,0.1304754977381,BA
2022-04-22,1.317320061764909,0.3327023622842825,1.1085723783913777,-10.125174787148188,-3.732941020947429,0.1051408512366009,0.1731067697777093,2109.200375314389,-0.0192386855172398,0.1762586987995247,0.1290599139559896,BA
2022-04-25,1.316707046381786,0.3323939931279822,1.1086929045753875,-10.115355246110983,-3.665294550550758,0.105074754351549,0.1730416970597133,2109.981546740895,-0.0189232808230718,0.1732712340230215,0.1276885671670701,BA
2022-04-26,1.3161131877293857,0.3320952605078163,1.1088096643161476,-10.10584256573119,-3.599762032353983,0.105010722994155,0.1729786578641547,2110.738306560322,-0.0186177325255965,0.170377127520784,0.1263600749653044,BA
2022-04-27,1.3155378871598726,0.3318058632820305,1.1089227753150086,-10.096627156613266,-3.536277405350857,0.1049486926166796,0.1729175886434574,2111.4714176353923,-0.0183217326124174,0.1675734618467415,0.1250730981448439,BA
2022-04-28,1.314980564733157,0.3315255097195506,1.1090323515951552,-10.087699729030277,-3.47477667294158,0.1048886006885003,0.1728584278359068,2112.1816189893666,-0.018034982696525,0.1648574107250128,0.1238263393500227,BA
2022-04-29,1.314440658632276,0.3312539172058981,1.109138503616547,-10.079051283559256,-3.415197838420092,0.1048303866330766,0.1728011158035922,2112.869626551029,-0.0177571937155044,0.1622262362008381,0.1226185417675398,BA
2022-05-02,1.313917624597048,0.3309908119582973,1.1092413383872708,-10.070673102009206,-3.3574808424774005,0.1047739917668848,0.1727455947722874,2113.5361338763896,-0.0174880856401406,0.1596772858805438,0.1214484878595094,BA
2022-05-03,1.3134109353754204,0.330735928749684,1.1093409595714092,-10.062556738632594,-3.3015675026579183,0.1047193592402616,0.1726918087732109,2114.1818128478326,-0.0172273871921319,0.1572079902577587,0.1203149981361049,BA
2022-05-04,1.312920080191969,0.3304890106413399,1.1094374675935434,-10.0546940116115,-3.247401454707795,0.1046664339800953,0.1726397035866055,2114.807314351418,-0.0169748355706236,0.1548158601231857,0.1192169299665569,BA
2022-05-05,1.312444564233,0.3302498087238815,1.1095309597399858,-10.047076994809816,-3.194928095756113,0.1046151626343093,0.1725892266870815,2115.4132689330163,-0.0167301761872873,0.1524984840553181,0.1181531764273072,BA
2022-05-06,1.311983908147749,0.3300180818663437,1.109621530256852,-10.039698009783187,-3.144094529271671,0.104565493518079,0.1725403271906677,2116.00028743394,-0.0164931624096803,0.1502535259895714,0.1171226651861591,BA
2022-05-09,1.311537647565162,0.329793596473104,1.109709270445066,-10.032549618038638,-3.0948495117398678,0.104517376561731,0.1724929558035168,2116.5689616067093,-0.0162635553126236,0.1480787228633792,0.1161243574212968,BA
2022-05-10,1.3111053326257809,0.329576126248403,1.1097942687523985,-10.025624613536108,-3.047143401005933,0.1044707632602688,0.1724470647722144,2117.11986471158,-0.0160411234373498,0.1459718823348806,0.1151572467740865,BA
2022-05-11,1.310686527528255,0.329365451968224,1.1098766108626266,-10.01891601542428,-3.000928106232434,0.1044256066244774,0.1724026078356401,2117.653552094423,-0.0158256425581784,0.1439308805728975,0.1142203583346015,BA
2022-05-12,1.3102808100900272,0.3291613612593004,1.10995637978191,-10.012417061003449,-2.956157039420607,0.1043818611335544,0.1723595401783338,2118.1705617465523,-0.015616895456481,0.1419536601159764,0.1133127476588505,BA
2022-05-13,1.309887771321744,0.3289636483850308,1.1100336559224662,-10.006121198908266,-2.9127850684466496,0.1043394826892227,0.1723178183853183,2118.6714148470523,-0.0154146717017117,0.1400382277983341,0.1124334998167166,BA
2022-05-16,1.3095070150149697,0.3287721140380821,1.1101085171836298,-10.00002208250356,-2.8707684715656283,0.1042984285712764,0.1722774003983346,2119.1566162881622,-0.015218767439279,0.1381826527406181,0.1115817284696494,BA
2022-05-17,1.309138157342782,0.3285865651394756,1.110181039030382,-9.9941135634865,-2.8300648933371386,0.104258657394516,0.1722382454734441,2119.6266551842373,-0.0150289851850473,0.1363850644034558,0.1107565749771781,BA
2022-05-18,1.3087808264728502,0.3284068146439505,1.1102512945694234,-9.988389685688722,-2.7906333019282896,0.1042201290670292,0.1722003141399564,2120.08200536481,-0.0148451336262603,0.1346436507018298,0.1099572075313465,BA
2022-05-19,1.3084346621926035,0.3282326813514105,1.1103193546228696,-9.982844679072125,-2.752433947750967,0.1041828047497765,0.1721635681606403,2120.5231258522394,-0.0146670274286854,0.1329566561783795,0.1091828203181972,BA
2022-05-20,1.308099315546115,0.3280639897242624,1.1103852877996456,-9.977472953912295,-2.7154283233916856,0.1041466468174379,0.1721279704931777,2120.950461324437,-0.0144944870497847,0.1313223802337871,0.1084326327054588,BA
2022-05-23,1.307774448482329,0.3279005697104626,1.1104491605646474,-9.972269095163714,-2.679579124793632,0.1041116188204849,0.1720934852528234,2121.3644425631287,-0.0143273385577247,0.1297391754124632,0.1077058884556184,BA
2022-05-24,1.3074597335142863,0.3277422565720941,1.1105110373057427,-9.967227857001024,-2.644850213651768,0.1040776854484367,0.1720600776762301,2121.765486888111,-0.0141654134560415,0.1282054457418057,0.1070018549635856,BA
2022-05-25,1.307154853388995,0.3275888907192996,1.110570980398679,-9.962344157530918,-2.6112065809830862,0.1040448124942649,0.1720277140864054,2122.1539985779373,-0.0140085485137859,0.1267196451233562,0.1063198225181787,BA
2022-05-26,1.306859500767619,0.327440317549405,1.110629050269961,-9.957613073669252,-2.578614311835301,0.1040129668199111,0.1719963618587627,2122.530369277457,-0.0138565856009759,0.1252802757742332,0.1056591035866909,BA
2022-05-27,1.306573377915661,0.3272963872910695,1.1106853054577652,-9.953029836178263,-2.547040551098384,0.1039821163228808,0.1719659893882338,2122.8949783926164,-0.0137093715291911,0.1238858867172704,0.105019032121812,BA
2022-05-31,1.3062961964028268,0.327156954853307,1.1107398026709507,-9.948589824858873,-2.516453470384496,0.1039522299038827,0.171936566057409,2123.248193472927,-0.0135667578971496,0.1225350723183376,0.1043989628902106,BA
2022-06-01,1.3060276768122685,0.3270218796792246,1.1107925968462242,-9.944288563893208,-2.4868222359429173,0.1039232774354783,0.1719080622056724,2123.5903705819783,-0.0134286009411094,0.1212264708693715,0.1037982708220967,BA
2022-06-02,1.3057675484589153,0.3268910256043323,1.1108437412035204,-9.94012171733272,-2.458116977577638,0.1038952297317115,0.1718804490993026,2123.921854656372,-0.0132947613899455,0.1199587632156856,0.1032163503811114,BA
2022-06-03,1.3055155491166044,0.3267642607192804,1.110893287299651,-9.93608508472725,-2.430308758536273,0.1038680585186874,0.1718536989025069,2124.24297985344,-0.0131651043247555,0.1187306714261774,0.1026526149539069,BA
2022-06-06,1.3052714247537407,0.3266414572368863,1.1109412850802776,-9.932174596890698,-2.403369546339952,0.1038417364060704,0.171827784649361,2124.5540698881,-0.0130394990428526,0.1175409575050913,0.1021064962588026,BA
2022-06-07,1.3050349292772163,0.326522491363317,1.1109877829302597,-9.92838631179904,-2.377272184524765,0.1038162368594726,0.1718026802166259,2124.855438359177,-0.0129178189260092,0.1163884221440391,0.1015774437729202,BA
2022-06-08,1.3048058242843337,0.3264072431732968,1.1110328277224295,-9.924716410616496,-2.3519903652663023,0.103791534173706,0.1717783602974138,2125.1473890655325,-0.0127999413128171,0.1152719035130198,0.1010649241772217,BA
2022-06-09,1.3045838788224784,0.3262955964892147,1.1110764648648443,-9.921161193845906,-2.327498602859667,0.1037676034468696,0.1717548003756771,2125.4302163123148,-0.0126857473750373,0.1141902760892199,0.1005684208188887,BA
2022-06-10,1.304368869156306,0.3261874387640102,1.1111187383465586,-9.9177170775994,-2.3037722080282386,0.1037444205552469,0.1717319767014947,2125.704205207635,-0.0125751219978132,0.1131424495224137,0.1000874331905037,BA
2022-06-13,1.3041605785422017,0.3260826609677184,1.1111596907819694,-9.914380589985594,-2.2807872630352928,0.1037219621289873,0.1717098662671304,2125.969631949976,-0.0124679536636272,0.1121273675358202,0.0996214764255057,BA
2022-06-14,1.303958797009788,0.3259811574775606,1.1111993634537736,-9.91114836760972,-2.2585205975733764,0.1037002055285484,0.17168844678384,2126.22676410662,-0.0123641343398846,0.1111440068613078,0.0991700808094139,BA
2022-06-15,1.3037633211502624,0.3258828259714703,1.111237796354584,-9.908017152183094,-2.236949765407145,0.1036791288218732,0.1716676966594025,2126.475860883368,-0.012263559370009,0.1101913762078738,0.0987327913063249,BA
2022-06-16,1.303573953911347,0.3257875673249453,1.111275028227244,-9.904983787238548,-2.216053021746108,0.1036587107622816,0.1716475949763536,2126.7171733858427,-0.0121661273679419,0.1092685152623597,0.0983091671002075,BA
2022-06-17,1.3033905043986476,0.3256952855111242,1.1113110966038833,-9.90204521494852,-2.195809301324479,0.1036389307670522,0.1716281214709001,2126.9509448726158,-0.0120717401159395,0.1083744937213929,0.0978987811505312,BA
2022-06-21,1.30321278768322,0.325605887503985,1.1113460378437523,-9.899198473042556,-2.1761981971660256,0.1036197688966737,0.1716092565124919,2127.177411000426,-0.0119803024655621,0.1075084103535813,0.0975012197617823,BA
2022-06-22,1.3030406246151496,0.3255192831845689,1.111379887169876,-9.896440691821152,-2.157199940012524,0.1036012058347446,0.171590981084034,2127.396800061743,-0.011891722241759,0.1066693920910139,0.0971160821664319,BA
2022-06-23,1.3028738416429564,0.3254353852501346,1.111412678704558,-9.893769091262916,-2.138795378395069,0.1035832228685008,0.1715732767627154,2127.609333214893,-0.0118059101499498,0.1058565931491516,0.0967429801209361,BA
2022-06-24,1.3027122706386445,0.3253541091261513,1.111444445503781,-9.891180978222126,-2.12096595932816,0.103565801869952,0.171556125701438,2127.815224707008,-0.0117227796860096,0.1050691941742226,0.0963815375143621,BA
2022-06-27,1.3025557487282169,0.3252753728810426,1.1114752195905286,-9.88867374371386,-2.103693709607092,0.1035489252776079,0.1715395106108255,2128.014682089994,-0.0116422470490675,0.1043064014172601,0.0960313899892435,BA
2022-06-28,1.30240411812749,0.3251990971435934,1.1115050319870652,-9.88624486028398,-2.0869612176898062,0.1035325760787746,0.1715234147417947,2128.207906429762,-0.0115642310570299,0.1035674459339526,0.0956921845742848,BA
2022-06-29,1.3022572259830365,0.3251252050229396,1.11153391274621,-9.88389187946128,-2.0707516161449364,0.1035167377924048,0.171507821868671,2128.395092508912,-0.0114886530647435,0.1028515828094985,0.0953635793285437,BA
2022-06-30,1.300624648319187,0.327026284243825,1.1114602152163011,-9.89043787644413,-1.956665628140407,0.1041295301533572,0.1718455196518873,2124.4464576902456,-0.0110927265677037,0.0993016299009736,0.0944668315142623,BA
2022-07-01,1.299043088707333,0.3288679547390579,1.1113888207342024,-9.896779311021264,-1.846144827261019,0.1047231727530297,0.1721726643793781,2120.6212177096627,-0.0107091727736965,0.0958626130208401,0.0935981070691772,BA
2022-07-05,1.2975109528333495,0.3306520730313147,1.111319657329669,-9.902922575767864,-1.7390778014091122,0.1052982640214625,0.1724895858341348,2116.9155164784734,-0.0103376050357519,0.0925310654182107,0.0927565302630011,BA
2022-07-06,1.296026696205428,0.3323804376269385,1.1112526552815274,-9.908873863491133,-1.635356620115077,0.1058553836877568,0.1727966034934303,2113.3256184107586,-0.0099776487896182,0.0893036286781635,0.0919412527320179,BA
2022-07-07,1.2945888225971292,0.334054790828949,1.11118774704739,-9.914639173473049,-1.534876725736481,0.1063950933644794,0.1730940268508728,2109.84790465766,-0.0096289411761761,0.0861770493362428,0.091151452623878,BA
2022-07-08,1.2931958825390897,0.3356768204933967,1.1111248671955696,-9.920224317518027,-1.437536828057216,0.1069179371138044,0.1733821557283953,2106.4788694593453,-0.009291130675654,0.0831481755987571,0.0903863337691174,BA
2022-07-11,1.2918464718578635,0.3372481617308304,1.1110639523391184,-9.925634925811604,-1.343238802180428,0.107424441995963,0.1736612805784952,2103.215116610978,-0.0089638767532733,0.0802139541655679,0.0896451248785681,BA
2022-07-12,1.290539230260426,0.3387703985545943,1.1110049410719314,-9.930876452596005,-1.2518875896122896,0.1079151186005542,0.1739316827770294,2100.0533560391223,-0.008646849515967,0.0773714271521658,0.0889270787658484,BA
2022-07-13,1.2892728399629083,0.3402450654776156,1.1109477739068438,-9.935954181668391,-1.1633911024369057,0.1083904615612519,0.1741936349068595,2096.990400485137,-0.0083397293798265,0.0746177291079325,0.0882314715941513,BA
2022-07-14,1.288046024362188,0.3416736490592925,1.1108923932156654,-9.94087323170727,-1.0776601304857525,0.1088509500544277,0.1744474010326324,2094.023162292214,-0.0080422067479404,0.0719500841275815,0.0875576021465697,BA
2022-07-15,1.2868575467489904,0.3430575894040419,1.1108387431710862,-9.945638561432432,-0.9946082514080724,0.1092970482821919,0.1746932369669748,2091.14865029282,-0.0077539816983008,0.0693658030528665,0.086904791119225,BA
2022-07-18,1.2857062090612053,0.344398281613018,1.1107867696904,-9.950254974603682,-0.91415174355157,0.1097292059403384,0.1749313905283691,2088.3639667934062,-0.0074747636814623,0.0668622807617363,0.0862723804364848,BA
2022-07-19,1.2845908506761632,0.3456970771904635,1.1107364203809855,-9.95472712486333,-0.8362095015655834,0.1101478586716678,0.1751621017909698,2085.666304653349,-0.0072042712276501,0.0644369935422039,0.0856597325875803,BA
2022-07-20,1.2835103472406535,0.3469552854061139,1.11068764448749,-9.959059520427363,-0.7607029546416588,0.1105534285051431,0.1753856033266142,2083.05294445517,-0.0069422316630195,0.062087496548282,0.085066229983954,BA
2022-07-21,1.282463609537504,0.3481741746150252,1.1106403928406663,-9.963256528630025,-0.6875559873091069,0.1109463242813224,0.1756021204392697,2080.521251763183,-0.0066883808347836,0.05981142133542,0.0844912743366911,BA
2022-07-22,1.2814495823875776,0.349354973536158,1.110594617807806,-9.967322380326348,-0.6166948627056972,0.1113269420644961,0.1758118713921548,2078.068674467821,-0.0064424628449301,0.0576064734729601,0.0839342860534051,BA
2022-07-25,1.2804672435860864,0.3504988724910054,1.1105502732447223,-9.971261174157164,-0.548048148246144,0.1116956655419456,0.1760150676277622,2075.692740212939,-0.0062042297922595,0.0554704302312019,0.0833947036539718,BA
2022-07-26,1.279515602872142,0.3516070246035138,1.1105073144492352,-9.975076880680763,-0.4815466436134519,0.1120528664107247,0.1762119139810068,2073.391053903522,-0.0059734415224849,0.0534011383407488,0.0828719832045208,BA
2022-07-27,1.2785937009305082,0.3526805469625064,1.110465698116107,-9.978773346375505,-0.4171233110005314,0.1123989047523546,0.1764026088857126,2071.161295291274,-0.0057498653861407,0.0513965118218723,0.0823655977691152,BA
2022-07-28,1.2777006084245506,0.3537205217477804,1.110425382293389,-9.982354297517285,-0.3547132075317646,0.1127341293958085,0.1765873445746463,2069.001216635659,-0.0055332760040573,0.0494545298817106,0.081875036878566,BA
2022-07-29,1.276835425059404,0.3547279973210146,1.110386326340131,-9.985823343935882,-0.2942534197963969,0.1130588782691545,0.1767663072733008,2066.9086404380323,-0.005323455040164,0.0475732348771791,0.0813998060158464,BA
2022-08-01,1.2759972786744185,0.3557039892825852,1.1103484908854122,-9.9891839826539,-0.2356830004277594,0.1133734787402084,0.1769396773876224,2064.881457246581,-0.0051201909813923,0.0457507303415391,0.0809394261175868,BA
2022-08-02,1.2751853243639637,0.3566494814953567,1.1103118377886534,-9.99243960141198,-0.1789429066643918,0.1136782479465419,0.1771076296858715,2062.917623529863,-0.0049232789244573,0.0439851790726379,0.0804934330911478,BA
2022-08-03,1.2743987436257105,0.3575654270764791,1.1102763301011684,-9.995593482083867,-0.1239759408311294,0.1139734931151774,0.1772703334748002,2061.015159616792,-0.0047325203693015,0.0422748012808899,0.0800613773467851,BA
2022-08-04,1.2736367435355278,0.3584527493581915,1.1102419320289174,-9.99864880398476,-0.0707266926801565,0.1142595118722931,0.1774279527703249,2059.1721477010046,-0.0045477230189943,0.040617872795134,0.0796428233444337,BA
2022-08-05,1.2728985559481634,0.3593123428186003,1.110208608896424,-10.001608647076251,-0.0191414835339015,0.114536592543249,0.1775806464628645,2057.386729907585,-0.0043687005858842,0.0390127233245579,0.0792373491546557,BA
2022-08-08,1.272183436722904,0.3601450739833714,1.1101763271118212,-10.004475995071132,0.0308316878265329,0.1148050144432374,0.1777285684775122,2055.6571064202108,-0.0041952726038088,0.0374577347749374,0.0788445460333084,BA
2022-08-09,1.271490664973434,0.3609517822992434,1.1101450541329871,-10.007253738441172,0.0792431975819538,0.1150650481588513,0.1778718679292022,2053.9815336668166,-0.0040272642461732,0.0359513396174925,0.0784640180095031,BA
2022-08-10,1.2708195423411348,0.3617332809802445,1.1101147584347415,-10.0099446773309,0.1261418476575179,0.1153169558208521,0.1780106892730268,2052.358322561966,-0.0038645061497138,0.0344920193087177,0.0780953814864417,BA
2022-08-11,1.270169392291095,0.3624903578274642,1.1100854094770665,-10.012551524380322,0.1715749149182205,0.1155609913684155,0.1781451724498569,2050.785836804142,-0.0037068342437687,0.0330783027595922,0.0777382648547261,BA
2022-08-12,1.269539559430119,0.3632237760232083,1.1100569776743183,-10.01507690745945,0.2155881988270262,0.1157974008051175,0.1782754530274111,2049.26249122625,-0.0035540895848844,0.0317087648526268,0.0773923081177515,BA
2022-08-15,1.2689294088460483,0.3639342749003354,1.1100294343654065,-10.017523372317356,0.2582260676136817,0.1160264224469226,0.1784016623369168,2047.7867501976675,-0.0034061181965903,0.0303820250052541,0.0770571625288074,BA
2022-08-16,1.2683383254677305,0.3646225706875523,1.1100027517848978,-10.019893385148452,0.2995315030007542,0.1162482871624212,0.1785239276055003,2046.357126076228,-0.0032627709141803,0.0290967457781118,0.0767324902395178,BA
2022-08-17,1.2677657134449845,0.3652893572314187,1.1099769030350302,-10.022189335078576,0.3395461435319807,0.1164632186055606,0.1786423720844407,2044.9721777085836,-0.0031239032343456,0.0278516315268177,0.0764179639592685,BA
2022-08-18,1.2672109955479494,0.3659353066957892,1.109951862058596,-10.024413536573384,0.3783103265466064,0.1166714334411018,0.1787571151734141,2043.630508977428,-0.0029893751695058,0.0266454270958766,0.0761132666252769,BA
2022-08-19,1.2666736125851967,0.3665610702393981,1.1099276036126753,-10.02656823177148,0.415863128842025,0.1168731415630324,0.1788682725408571,2042.3307673941208,-0.0028590511066922,0.0254769165534023,0.0758180910829727,BA
2022-08-22,1.26615302284003,0.3671672786722693,1.1099041032431896,-10.028655592744634,0.4522424060657117,0.1170685463061526,0.1789759562405675,2041.071642735292,-0.0027327996708416,0.0243449219653804,0.0755321397763654,BA
2022-08-23,1.2656487015243998,0.3677545430916132,1.1098813372602503,-10.030677723687376,0.4874848308761583,0.1172578446510503,0.179080274824662,2039.851865722052,-0.0026104935923613,0.0232483022082341,0.0752551244480896,BA
2022-08-24,1.265160140249883,0.3683234554978527,1.109859282714278,-10.03263666303816,0.5216259299112784,0.11744122742267,0.1791813334530036,2038.6702067404756,-0.0024920095788334,0.0221859518184987,0.0749867658488224,BA
2022-08-25,1.264686846515195,0.3688745893913971,1.1098379173728672,-10.034534385534233,0.554700119601551,0.1176188794826765,0.1792792339992094,2037.525474602073,-0.0023772281907284,0.0211567998784425,0.0747267934557824,BA
2022-08-26,1.264228343209716,0.3694085003507684,1.1098172196983755,-10.0363728042023,0.5867407408640025,0.1177909799158079,0.1793740751533464,2036.416515342996,-0.0022660337210016,0.0201598089365131,0.0744749452000248,BA
2022-08-29,1.263784168132533,0.3699257265926592,1.1097971688262116,-10.038153772286991,0.6177800927120025,0.1179577022104039,0.1794659525214165,2035.3422110607648,-0.0021583140784538,0.019193973961519,0.0742309672022596,BA
2022-08-30,1.2633538735265122,0.370426789514491,1.1097777445438028,-10.039879085119036,0.6478494648147524,0.1181192144332937,0.1795549587217345,2034.3014787873533,-0.0020539606747356,0.0182583213294934,0.0739946135169246,BA
2022-08-31,1.2629370256269294,0.3709121942200155,1.1097589272702193,-10.04155048192508,0.6769791690392913,0.1182756793992183,0.1796411834782925,2033.2932693974865,-0.0019528683148836,0.0173519078422186,0.0737656458842564,BA
2022-09-01,1.2625332042242086,0.3713824300284923,1.1097406980364353,-10.043169647580935,0.7051985700068134,0.1184272548349577,0.1797247137112081,2032.3165665510523,-0.0018549350912769,0.0164738197764212,0.073543833490109,BA
2022-09-02,1.2621420022403227,0.3718379709679543,1.1097230384662071,-10.044738214310044,0.7325361146941005,0.1185740935383303,0.1798056336243451,2031.3703856685693,-0.001760062280908,0.0156231719626799,0.0733289527332787,BA
2022-09-06,1.261763025318433,0.3722792762530581,1.1097059307575483,-10.04625776332887,0.7590193611099099,0.1187163435322224,0.1798840247901965,2030.4537729386643,-0.0016681542458631,0.014799106893118,0.0731207870000993,BA
2022-09-07,1.261395891425353,0.3727067907480024,1.1096893576647855,-10.047729826440856,0.7846750060752253,0.1188541482138055,0.1799599662321152,2029.5658043565688,-0.0015791183369133,0.01400079385698,0.0729191264460818,BA
2022-09-08,1.2610402304664314,0.3731209454149796,1.1096733024811714,-10.049155887580593,0.8095289121353747,0.118987646499089,0.1800335345039738,2028.7055847926636,-0.0014928648001183,0.0132274281032213,0.0727237677843774,BA
2022-09-09,1.260695683912476,0.3735221577486138,1.1096577490220452,-10.050537384309711,0.8336061336311443,0.1191169729629575,0.1801048037673369,2027.8722470901305,-0.0014093066863481,0.0124782300292675,0.0725345140808512,BA
2022-09-12,1.260361904438332,0.373910832196822,1.1096426816085168,-10.051875709266048,0.8569309419551712,0.1192422579748301,0.1801738458662198,2027.0649511908011,-0.0013283597636332,0.0117524443951248,0.0723511745555602,BA
2022-09-13,1.260038555572755,0.3742873605685237,1.109628085051661,-10.053172211567498,0.879526850019072,0.1193636278300816,0.1802407303995127,2026.2828832883265,-0.0012499424322531,0.011049339562049,0.0721735643904346,BA
2022-09-14,1.259725311359227,0.3746521224286097,1.109613944637207,-10.054428198172026,0.901416635955976,0.1194812048773565,0.1803055247911402,2025.525255007804,-0.0011739756424787,0.0103682067550069,0.0720015045429691,BA
2022-09-15,1.259421856027372,0.375005485480568,1.1096002461107048,-10.055644935195163,0.922622366082352,0.1195951076419041,0.1803682943580293,2024.791302611048,-0.0011003828148847,0.0097083593481848,0.0718348215657369,BA
2022-09-16,1.2591278836746371,0.3753478059371526,1.1095869756631558,-10.056823649186327,0.9431654171422784,0.1197054509450596,0.1804291023759531,2024.08028622669,-0.001029089763153,0.0090691321728259,0.0716733474315433,BA
2022-09-19,1.2588430979579257,0.3756794288794689,1.1095741199170923,-10.057965528365267,0.9630664978565824,0.1198123460199915,0.1804880101433169,2023.391489104344,-0.000960024619288,0.008449880846697,0.0715169193640432,BA
2022-09-20,1.2585672117948612,0.3760006886048379,1.1095616659130938,-10.059071723819866,0.9823456697985642,0.1199159006238317,0.1805450770429504,2022.724216892071,-0.0008931177611687,0.0078499811245096,0.0713653796736524,BA
2022-09-21,1.2582999470743923,0.376311908963789,1.10954960109672,-10.06014335066651,1.001022367617359,0.120016219146302,0.1806003606019705,2022.077796936431,-0.0008283017423656,0.0072688282686406,0.0712185755985864,BA
2022-09-22,1.2580410343764383,0.3766134036865229,1.109537913305858,-10.061181489174194,1.0191154186293163,0.120113402714945,0.1806539165497712,2021.4515776044047,-0.0007655112241502,0.0067058364395175,0.0710763591508662,BA
2022-09-23,1.2577902127002956,0.3769054766991714,1.1095265907584604,-10.062187185853514,1.0366430617971505,0.120207549297068,0.1807057988742031,2020.844927626505,-0.000704682909629,0.0061604381050544,0.0709385869671373,BA
2022-09-26,1.2575472292015322,0.3771884224301747,1.109515622040669,-10.063161454511604,1.0536229661159893,0.1202987537984996,0.1807560598759965,2020.2572354604144,-0.0006457554799365,0.0056320834685434,0.0708051201641498,BA
2022-09-27,1.257311838937105,0.3774625261070841,1.1095049960953085,-10.06410527727413,1.0700722484248646,0.1203871081592615,0.1808047502214838,2019.687908674514,-0.000588669532422,0.0051202399144233,0.0706758241987558,BA
2022-09-28,1.2570838046184412,0.37772806404409,1.1094947022107404,-10.065019605575328,1.0860074906615875,0.1204727014462496,0.1808519189936747,2019.1363733506728,-0.0005333675207673,0.0046243914713695,0.0705505687322803,BA
2022-09-29,1.2568628963722357,0.3779853039205645,1.1094847300100652,-10.065905361117112,1.101444756578413,0.1205556199430192,0.1808976137417346,2018.6020735057025,-0.0004797936969768,0.0041440382921611,0.0704292274991321,BA
2022-09-30,1.2556820025203146,0.3798186803883385,1.110069596827443,-10.025360240300945,0.9406659122831632,0.1204128642581168,0.1818207068123117,2009.7235467864427,-0.001216301328901,0.0098552625602466,0.0723863315394578,BA
2022-10-03,1.254538011601266,0.3815947638414945,1.1106361865567778,-9.98608215451028,0.7849114068721403,0.1202745696883676,0.1827149532244332,2001.1224740271605,-0.0019297930973275,0.0153880110699544,0.0742822760785232,BA
2022-10-04,1.2534297703984374,0.3833153446867393,1.111185070357071,-9.948031508900575,0.6340242297552118,0.120140596823923,0.1835812544361759,1992.7901847916053,-0.0026209882479908,0.0207478611887338,0.0761189723507429,BA
2022-10-05,1.2523561617331973,0.3849821573805703,1.111716801538605,-9.911169945966174,0.4878522769231872,0.1200108106114923,0.1844204837350517,1984.7182795946612,-0.0032905835501958,0.0259402159913014,0.0778982718644557,BA
2022-10-06,1.251316103338746,0.386596882177719,1.112231916120716,-9.875460306873473,0.3462481976171634,0.1198850802182001,0.1852334871183376,1976.8986214351216,-0.0039392539992068,0.0309703097062888,0.079621968268365,BA
2022-10-07,1.2503085467691215,0.3881611468249568,1.112730933372136,-9.840866594002415,0.2090692457894529,0.1197632788996983,0.1860210841458958,1969.323327593068,-0.0045676534966863,0.0358432129926828,0.0812917991596521,BA
2022-10-10,1.2493324763422975,0.3896765282019684,1.1132143563344492,-9.807353934658584,0.0761771362063584,0.1196452838723996,0.1867840687663429,1961.9847616835784,-0.0051764155098696,0.040563838051377,0.0829094478355865,BA
2022-10-11,1.248386908116312,0.3911445539109485,1.1136826723291902,-9.774888545919245,-0.0525620949522644,0.1195309761897041,0.1875232101174009,1954.87552595876,-0.0057661537101409,0.045136943576987,0.0844765449903979,BA
2022-10-12,1.2474708888973889,0.3925667038165229,1.1141363534490951,-9.743437700578008,-0.1772782251371803,0.1194202406220927,0.1882392533012384,1947.9884538503425,-0.0063374625916537,0.0495671395549217,0.0859946703591215,BA
2022-10-13,1.2465834952790564,0.3939444115375481,1.1145758570340034,-9.712969694153688,-0.2980969762538176,0.1193129655409693,0.188932920135581,1941.3166027453128,-0.0068909180706192,0.0538588919085459,0.0874653543100725,BA
2022-10-14,1.2457238327112972,0.3952790658922913,1.1150016261318831,-9.683453812930123,-0.4151401413980599,0.1192090428061309,0.1896049098813503,1934.8532469873155,-0.0074270780658671,0.0580165270011194,0.0888900793875562,BA
2022-10-17,1.2448910345987805,0.3965720122984488,1.115414089945454,-9.6548603029948,-0.5285257076315446,0.1191083676567562,0.1902558999475644,1928.5918710967555,-0.0079464830612634,0.0620442359970499,0.0902702818063686,BA
2022-10-18,1.2440842614272796,0.3978245541294138,1.115813664264851,-9.627160340244954,-0.638367974920233,0.1190108386057995,0.1908865465742092,1922.5261632027757,-0.0084496566505537,0.0659460790868576,0.0916073528995931,BA
2022-10-19,1.2433026999173882,0.3990379540281613,1.116200751886767,-9.60032600133104,-0.7447776713561499,0.1189163573376852,0.1914974854937714,1916.6500086804824,-0.0089371060651786,0.0697259895801089,0.0929026405211544,BA
2022-10-20,1.242545562204681,0.4002134351800728,1.116575743020498,-9.574330235508189,-0.8478620647784444,0.1188248286091995,0.1920893325720973,1910.957483987011,-0.0094093226855965,0.073387777870446,0.0941574504045418,BA
2022-10-21,1.241812085045496,0.4013521825459871,1.1169390156812995,-9.549146837367298,-0.947725070906292,0.1187361601534789,0.1926626844292255,1905.442850690211,-0.0098667825366263,0.0769351352767101,0.0953730474790734,BA
2022-10-24,1.2411015290475351,0.4024553440567165,1.1172909360714516,-9.52475042041831,-1.0444673580926445,0.1186502625869996,0.1932181190408185,1900.1005496839352,-0.0103099467673114,0.0803716377640284,0.0965506571450259,BA
2022-10-25,1.2404131779245111,0.4035240317702357,1.1176318589494112,-9.50111639149898,-1.138186448804423,0.1185670493194728,0.1937561963207992,1894.925195584106,-0.0107392621157876,0.083700749548618,0.0976914665089173,BA
2022-10-26,1.2397463377740814,0.4045593229927074,1.1179621279874346,-9.478220925983376,-1.228976817931459,0.1184864364665562,0.1942774586857805,1889.9115712998964,-0.011155161359624,0.0869258265899392,0.0987966255801872,BA
2022-10-27,1.2391003363783526,0.4055622613644769,1.1182820761180197,-9.456040943765135,-1.316929988023275,0.1184083427652932,0.1947824316018561,1885.0546227745683,-0.0115580637520904,0.0900501199737192,0.0998672484304799,BA
2022-10-28,1.2384745225262404,0.4065338579121285,1.118592025869524,-9.434554085991216,-1.4021346215497217,0.1183326894921947,0.1952716241143043,1880.3494538906568,-0.0119483754447923,0.093076779189256,0.1009044143167009,BA
2022-10-31,1.2378682653570066,0.4074750920676661,1.1188922896912936,-9.413738692522733,-1.484676610278467,0.1182594003838806,0.1957455293607386,1875.791321534368,-0.0123264898970973,0.0960088553043072,0.1019091687689775,BA
2022-11-01,1.2372809537243112,0.4083869126558431,1.119183170268633,-9.393573780100136,-1.564639161859439,0.1181884015602012,0.1962046250682218,1871.3756308142124,-0.0126927882727677,0.0988493040407632,0.1028825246446205,BA
2022-11-02,1.2367119955801378,0.4092702388506395,1.1194649608279306,-9.374039021190748,-1.6421028837035057,0.1181196214497618,0.1966493740348462,1867.097930429062,-0.0130476398241984,0.1016009887542048,0.1038254631491496,BA
2022-11-03,1.2361608173779697,0.4101259611018486,1.11973794543225,-9.355114723497277,-1.717145864239945,0.1180529907177737,0.1970802245962635,1862.953908180948,-0.0133914022646469,0.1042666833203515,0.1047389348254122,BA
2022-11-04,1.2356268634946193,0.4109549420327074,1.1200023992676846,-9.336781810106729,-1.7898437516346206,0.1179884421961602,0.1974976110776365,1858.9393866280868,-0.0137244221288314,0.106849074931306,0.1056238605117916,BA
2022-11-07,1.2351095956701237,0.4117580173094768,1.120258588920762,-9.319021800259632,-1.8602698300482128,0.1179259108158471,0.1979019542314667,1855.0503188737528,-0.0140470351222601,0.1093507668044182,0.1064811322704716,BA
2022-11-08,1.2346084924651437,0.4125359964838472,1.1205067726471805,-9.30181679072026,-1.92849509351138,0.1178653335411688,0.1982936616617396,1851.282784486741,-0.0143595664596442,0.1117742808064957,0.1073116142866929,BA
2022-11-09,1.234123048735319,0.4132896638090185,1.1207472006321484,-9.285149437728991,-1.9945883174913237,0.1178066493063242,0.1986731282348166,1847.6329855493243,-0.014662331192735,0.1141220599960082,0.1081161437399073,BA
2022-11-10,1.2336527751220514,0.4140197790302782,1.1209801152425862,-9.2690029395187,-2.0586161282218938,0.1177497989538185,0.1990407364774848,1844.0972428287016,-0.0149556345279168,0.1163964710858485,0.1088955316477087,BA
2022-11-11,1.2331971975591984,0.4147270781508735,1.1212057512714475,-9.253361019377484,-2.120643069867133,0.1176947251748286,0.1993968569625697,1840.6719920680985,-0.0152397721338741,0.1185998068291312,0.1096505636833913,BA
2022-11-14,1.2327558567951846,0.4154122741739503,1.1214243361744074,-9.238207909240677,-2.1807316695859598,0.1176413724514321,0.1997418486824957,1837.353780393764,-0.0155150304396452,0.1207342883304364,0.1103820009679588,BA
2022-11-15,1.2323283079300462,0.4160760578213059,1.1216360902991496,-9.223528333795644,-2.238942500563572,0.1175896870006418,0.2000760594111739,1834.1392628342528,-0.015781686923361,0.1228020672848258,0.1110905808373836,BA
2022-11-16,1.2319141199669434,0.4167190982296816,1.1218412271074936,-9.209307495083271,-2.2953342430731345,0.1175396167201887,0.200399826054581,1831.025198948476,-0.0160400103919607,0.1248052281468905,0.1117770175858889,BA
2022-11-17,1.2315128753776876,0.4173420436252956,1.1220399533905767,-9.19553105758066,-2.3499637436292726,0.1174911111359997,0.2007134749903816,1828.0084495591293,-0.0162902612521666,0.1267457902320157,0.1124420031860034,BA
2022-11-18,1.231124169681846,0.4179455219772966,1.1222324694773136,-9.182185133750004,-2.402886072293032,0.1174441213513167,0.2010173223969385,1825.0859735882004,-0.0165326917729911,0.1286257097519807,0.1130862079861143,BA
2022-11-21,1.2307476110389994,0.4185301416307976,1.12241896943634,-9.169256270039057,-2.4541545781860488,0.1173985999974049,0.2013116745720404,1822.2548249913627,-0.0167675463400399,0.1304468817869468,0.1137102813862217,BA
2022-11-22,1.230382819853742,0.4190964919201267,1.1225996412716468,-9.156731433319075,-2.503820943269909,0.117354501185803,0.2015968282416704,1819.512149788176,-0.0169950617018683,0.1322111421958202,0.1143148524925758,BA
2022-11-23,1.2300294283930238,0.4196451437629143,1.1227746671121002,-9.144597997746596,-2.5519352344448976,0.1173117804620635,0.2018730708591245,1816.8551831850891,-0.0172154672086397,0.1339202694669164,0.1149005307518563,BA
2022-11-25,1.229687080415453,0.4201766502356148,1.1229442233950395,-9.132843732035758,-2.5985459540206683,0.117270394760941,0.2021406808947831,1814.2812467883489,-0.0174289850433244,0.1355759865107907,0.1154679065655343,BA
2022-11-28,1.2293554308121812,0.4206915471310433,1.123108481044137,-9.12145678712838,-2.6437000886096964,0.1172303023629785,0.2023999281168274,1811.787745904007,-0.0176358304456752,0.137179962397044,0.1160175518850349,BA
2022-11-29,1.229034145259012,0.4211903534984897,1.1232676056417,-9.11042568424936,-2.6874431564928174,0.1171914628524524,0.2026510738631828,1809.3721669223,-0.0178362119292026,0.1387338140368519,0.1165500207883011,BA
2022-11-30,1.2287228998793789,0.4216735721669535,1.1234217575955894,-9.099739303335308,-2.72981925350459,0.1171538370766301,0.2028943713049646,1807.032074783772,-0.0180303314913697,0.1402391078129158,0.1170658500383402,BA
2022-12-01,1.2284213809178597,0.4221416902520278,1.1235710923009197,-9.08938687182482,-2.770871097484746,0.1171173871063024,0.2031300657016907,1804.7651105245725,-0.0182183848172191,0.1416973611584777,0.1175655596243156,BA
2022-12-02,1.2281292844238876,0.4225951796469435,1.1237157602967085,-9.079357953799034,-2.8106400713405217,0.1170820761975473,0.2033583946485191,1802.5689888984728,-0.0184005614766357,0.1431100440869908,0.1180496532857292,BA
2022-12-05,1.2278463159453523,0.4230344974982681,1.1238559074176284,-9.069642439461555,-2.849166264763304,0.1170478687546909,0.2035795883157592,1800.4414960731897,-0.0185770451154455,0.1444785806739878,0.1185186190202237,BA
2022-12-06,1.227572190231771,0.4234600866667388,1.12399167494102,-9.060230534947122,-2.886488514641625,0.1170147302944238,0.203793869680898,1798.3804873986962,-0.0187480136405426,0.1458043504926412,0.1189729295755152,BA
2022-12-07,1.2273066309467398,0.4238723761736948,1.1241231997293055,-9.051112752448764,-2.922644444211248,0.1169826274110399,0.2040014547533762,1796.383885245281,-0.0189136393992303,0.1470886900044617,0.1194130429259539,BA
2022-12-08,1.2270493703893657,0.4242717816335584,1.1242506143679571,-9.04227990065348,-2.9576705009818207,0.1169515277427619,0.2042025527923394,1794.4496769091593,-0.0190740893529591,0.1483328939065377,0.1198394027341913,BA
2022-12-09,1.226800149224409,0.4246587056728013,1.1243740472991508,-9.0337230754768,-2.9916019934783127,0.1169213999391175,0.2043973665175851,1792.5759125835418,-0.0192295252456338,0.149538216436674,0.1202524387984214,BA
2022-12-12,1.226558716220857,0.4250335383358178,1.1244936229512448,-9.02543365108689,-3.0244731268342893,0.116892213629337,0.2045860923139168,1790.7607033931,-0.0193801037666625,0.1507058726377434,0.1206525674856442,BA
2022-12-13,1.2263248279986667,0.4253966574781151,1.1246094618642108,-9.017403271209169,-3.0563170372728914,0.1168639393917371,0.2047689204291132,1789.0022194898593,-0.019525976708909,0.1518370395825295,0.1210401921513913,BA
2022-12-14,1.2260982487834196,0.4257484291472156,1.1247216808111469,-9.009623840702622,-3.0871658255102874,0.1168365487240623,0.2049460351657097,1787.298688208595,-0.0196672911217103,0.1529328575602909,0.1214157035463339,BA
2022-12-15,1.225878750168649,0.4260892079516567,1.1248303929159906,-9.002087517399406,-3.1170505891152644,0.1168100140147523,0.2051176150667875,1785.64839227987,-0.0198041894591116,0.1539944312262474,0.1217794802101845,BA
2022-12-16,1.22566611088559,0.426419337418459,1.1249357077675584,-8.994786704199417,-3.1460014538575867,0.1167843085151082,0.2052838330959566,1784.0496680989177,-0.019936809723469,0.1550228307151426,0.1221318888532897,BA
2022-12-19,1.2254601165801264,0.4267391503394237,1.1250377315300146,-8.987714041411925,-3.174047604076711,0.116759406312328,0.2054448568117143,1782.5009040486202,-0.0200652856045653,0.1560190927200099,0.122473284726298,BA
2022-12-20,1.2252605595967088,0.4270489691066083,1.125136567049894,-8.980862399336543,-3.201217312101488,0.1167352823033847,0.2056008485363545,1781.0005388748946,-0.0201897466143774,0.1569842215372251,0.1228040119782747,BA
2022-12-21,1.225067238769023,0.4273491060373184,1.1252323139597773,-8.974224871076016,-3.22753796675049,0.1167119121697208,0.2057519655195996,1779.547060112848,-0.0203103182176328,0.1579191900789023,0.1231244040036271,BA
2022-12-22,1.2248799592172022,0.4276398636889438,1.1253250687787266,-8.967794765573633,-3.2530361009417117,0.116689272352734,0.2058983600971184,1778.1390025621151,-0.0204271219582865,0.1588249408536521,0.1234347837781873,BA
2022-12-23,1.224698532151376,0.4279215351639558,1.1254149250095835,-8.961565600868198,-3.2777374184394565,0.116667340030028,0.2060401798440897,1776.7749468098427,-0.0205402755820447,0.159702386916691,0.1237354641847924,BA
2022-12-27,1.2245227746813567,0.4281944044053738,1.1255019732332263,-8.955531097559808,-3.3016668197653973,0.1166460930924065,0.2061775677239682,1775.453517799829,-0.0206498931550605,0.1605524127902599,0.1240267483286912,BA
2022-12-28,1.2243525096322756,0.4284587464829975,1.1255863011998806,-8.949685172479805,-3.3248484272999024,0.1166255101215857,0.2063106622326004,1774.173383446378,-0.0207560851789196,0.1613758753552798,0.1243089298430931,BA
2022-12-29,1.2241875653659782,0.4287148278706953,1.1256679939175769,-8.944021932558552,-3.347305609598954,0.1166055703686031,0.2064395975378379,1772.9332532914725,-0.0208589587020331,0.1621736047151428,0.1245822931851699,BA
2022-12-30,1.224027775608003,0.4289629067150277,1.1257471337378449,-8.938535668884839,-3.36906100495116,0.1165862537329012,0.2065645036147868,1771.7318772039075,-0.0209586174275492,0.1629464050325101,0.1248471139228069,BA
2023-01-03,1.2237837675456291,0.4296236472887026,1.1254298625773191,-8.960133521091409,-3.264618433989474,0.1174970908529822,0.2073609495487802,1765.519369289149,-0.0204547820771396,0.1591587906194361,0.1229585989380745,BA
2023-01-04,1.2235473847352047,0.4302637397194502,1.12512250614056,-8.981056440416523,-3.163439693370341,0.1183794643130606,0.2081325065473364,1759.5010022467263,-0.0199666915814303,0.1554895391567706,0.1211291000466151,BA
2023-01-05,1.223318388887606,0.4308838292617369,1.1248247545924492,-9.001325518512727,-3.065422788395556,0.1192342636025116,0.2088799523896877,1753.6707091743797,-0.0194938539137119,0.1519349518023134,0.1193567729955138,BA
2023-01-06,1.2230965491602448,0.4314845410058272,1.1245363077802173,-9.020961187918424,-2.970468911701232,0.1200623504141672,0.2096040405494655,1748.0226127605436,-0.0190357924231098,0.148491445302683,0.1176398311647593,BA
2023-01-09,1.2228816419243635,0.4320664805079147,1.1242568749308677,-9.039983242655197,-2.878482343653606,0.1208645595129586,0.2103055009542503,1742.55101935964,-0.0185920453540889,0.1451555483811661,0.115976543766216,BA
2023-01-10,1.2226734505396035,0.4326302344005618,1.12398617435806,-9.05841085818144,-2.7893703558574683,0.1216416995774128,0.2109850407213856,1737.2504132525146,-0.0181621653809749,0.1419238982384466,0.1143652340988771,BA
2023-01-11,1.2224717651356176,0.4331763709840638,1.1237239331781526,-9.076262610722493,-2.70304311767996,0.1223945540148528,0.2116433448707979,1732.1154510862368,-0.0177457191570208,0.138793237162687,0.1128042778586426,BA
2023-01-12,1.222276382400506,0.4337054407993314,1.1234698870351172,-9.093556495996634,-2.619413605695499,0.1231238817511228,0.212281077015541,1727.140956487655,-0.0173422868775652,0.135760409245545,0.1112921015009153,BA
2023-01-13,1.2220871053758668,0.4342179771828718,1.123223779834052,-9.110309947355958,-2.5383975159605523,0.1238304179956343,0.212898880030761,1722.321914845279,-0.0169514618568426,0.1328223572008136,0.1098271806543671,BA
2023-01-17,1.2219037432582476,0.4347144968044266,1.1229853634830198,-9.126539853360304,-2.4599131790298228,0.1245148749825049,0.2134973767017553,1717.6534682542272,-0.0165728501180176,0.1299761192824801,0.1084080385842735,BA
2023-01-18,1.221726111206804,0.4351955001878078,1.1227543976429577,-9.142262574802016,-2.3838814776281785,0.1251779426885358,0.214077170351781,1713.1309106191457,-0.0162060699960308,0.1272188262990945,0.1070332447038703,BA
2023-01-19,1.2215540301569678,0.4356614722154583,1.122530649485397,-9.157493961198671,-2.310225766895336,0.1258202895287531,0.2146388454502434,1708.7496829101606,-0.0158507517528562,0.1245476987214397,0.1057014131322298,BA
2023-01-20,1.221387326639939,0.4361128826172448,1.1223138934577603,-9.172249366770432,-2.238871797122894,0.1264425630302137,0.2151829682018789,1704.5053685670812,-0.0155065372047807,0.1219600438805866,0.104411201297203,BA
2023-01-23,1.2212258326078176,0.4365501864439754,1.1221039110559874,-9.186543665918078,-2.169747638905841,0.1270453904847537,0.2157100871175258,1700.393689047223,-0.0151730793613326,0.1194532532535102,0.1031613085820207,BA
2023-01-24,1.2210693852641998,0.4369738245261207,1.1219004906042698,-9.20039126821736,-2.1027836106330717,0.1276293795813393,0.2162207335670587,1696.4104995123605,-0.0148500420754923,0.1170247998335299,0.101950475014188,BA
2023-01-25,1.22091782690007,0.437384223918199,1.1217034270416684,-9.213806132944788,-2.037912208243825,0.1281951190186566,0.2167154223150437,1692.5517846504624,-0.0145370997048345,0.114672235582924,0.10077747999535,BA
2023-01-26,1.2207710047348193,0.4377817983292748,1.1215125217153985,-9.226801783149485,-1.975068037179244,0.1287431790985577,0.2171946520396541,1688.8136546279986,-0.0142339367832597,0.1123931889651495,0.0996411410708507,BA
2023-01-27,1.2206287707622328,0.4381669485400045,1.1213275821805742,-9.239391319285282,-1.9141877464604304,0.1292741123009619,0.2176589058353705,1685.192341168737,-0.0139402477029841,0.1101853625541805,0.098540312737742,BA
2023-01-30,1.2204909816012894,0.4385400628066488,1.1211484220062131,-9.251587432416835,-1.85520996482658,0.129788453840791,0.2181086516999708,1681.684193755077,-0.0136557364064672,0.1080465307185543,0.0974738852900429,BA
2023-01-31,1.2203574983516257,0.4389015172524606,1.120974860587301,-9.263402417013031,-1.7980752388687868,0.1302867222075004,0.2185443430063023,1678.2856759480942,-0.0133801160879664,0.1059745373777914,0.0964407837000844,BA
2023-02-01,1.2202281864535138,0.4392516762468407,1.1208067229627297,-9.274848183340596,-1.7427259730971751,0.1307694196877501,0.2189664189593109,1674.9933618225796,-0.0131131089044188,0.1039672938289273,0.0954399665348122,BA
2023-02-02,1.220102915552218,0.4395908927726465,1.1206438396389264,-9.28593626947042,-1.6891063718809265,0.131237032871742,0.219375305038788,1671.803932513487,-0.012854445695357,0.1020227766409652,0.0944704249059546,BA
2023-02-03,1.2199815593665877,0.4399195087820208,1.120486046418992,-9.29667785290869,-1.6371623832026854,0.1316900331437342,0.2197714134282815,1668.714172870304,-0.0126038657115784,0.100139025615127,0.0935311814529989,BA
2023-02-06,1.2198639955617585,0.4402378555411022,1.1203331842371806,-9.307083761864511,-1.5868416441706394,0.1321288771572266,0.2201551434306033,1665.7209682159703,-0.0123611163522929,0.0983141418088462,0.0926212893579481,BA
2023-02-07,1.2197501056258298,0.4405462539639623,1.120185098998551,-9.317164486165469,-1.5380934282333447,0.1325540072952974,0.2205268818703525,1662.8213012070844,-0.012125952910485,0.0965462856215116,0.0917398313908676,BA
2023-02-08,1.219639774750399,0.440845014936108,1.120041641423628,-9.326930187832016,-1.490868594044091,0.1329658521165536,0.2208870034838596,1660.0122487922265,-0.0118981383262337,0.0948336749400313,0.0908859189852584,BA
2023-02-09,1.2195328917148256,0.4411344396278741,1.1199026668979215,-9.336390711321483,-1.445119535923251,0.1333648267871454,0.2212358712969445,1657.2909792653325,-0.0116774429477402,0.0931745833423472,0.0900586913423244,BA
2023-02-10,1.2194293487741137,0.4414148197980226,1.1197680353261437,-9.345555593451907,-1.4008001358686872,0.1337513334992813,0.2215738369908706,1654.6547494111542,-0.0114636442998246,0.0915673383570908,0.0892573145632321,BA
2023-02-13,1.219329041550299,0.4416864380878539,1.1196376109909836,-9.354434073015756,-1.3578657170658288,0.1341257618766629,0.2219012412568614,1652.100901739919,-0.0112565268596564,0.0900103197776236,0.0884809808084865,BA
2023-02-14,1.2192318689272288,0.4419495683061279,1.1195112624162973,-9.363035100093231,-1.3162729988505597,0.1344884893672513,0.2222184141395401,1649.6268618084098,-0.0110558818394935,0.0885019580287648,0.0877289074835767,BA
2023-02-15,1.2191377329486297,0.442204475705081,1.11938886223457,-9.37136734507454,-1.2759800530795176,0.1348398816237589,0.222525675369635,1647.2301356247604,-0.0108615069762106,0.0870407325845578,0.0870003364500703,BA
2023-02-16,1.2190465387193614,0.4424514172478167,1.1192702870585216,-9.37943920740018,-1.2369462618638205,0.1351802928722505,0.2228233346862895,1644.9083071343498,-0.0106732063274053,0.0856251704354822,0.086294533261361,BA
2023-02-17,1.2189581943097578,0.4426906418673419,1.1191554173567249,-9.387258824028144,-1.199132276623614,0.1355100662692269,0.2231116921492985,1642.6590357842647,-0.0104907900738752,0.0842538446035653,0.0856107864222988,BA
2023-02-21,1.2188726106629544,0.442922390717507,1.1190441373331093,-9.394834077636483,-1.162499978422164,0.1358295342475477,0.2233910384415885,1640.4800541638697,-0.0103140743282679,0.0829253727038958,0.0849484066719574,BA
2023-02-22,1.2187897015051137,0.4431468974161044,1.1189363348102317,-9.402172604569564,-1.1270124395395094,0.1361390188515459,0.2236616551622444,1638.369165719112,-0.0101428809497109,0.081638415551091,0.0843067262888141,BA
2023-02-23,1.2187093832584552,0.4433643882803707,1.118831901116194,-9.409281802535984,-1.0926338862469376,0.1364388320616693,0.2239238151103799,1636.3242425382532,-0.0099770373642337,0.0803916758093113,0.083685098417644,BA
2023-02-24,1.218631574957005,0.4435750825551287,1.118730730975095,-9.416168838065955,-1.0593296627447586,0.1367292761089762,0.2241777825601361,1634.3432232067962,-0.0098163763908027,0.0791838966844622,0.083082896417448,BA
2023-02-27,1.218556198164975,0.4437791926338004,1.1186327224009052,-9.422840653735614,-1.0270661962270229,0.1370106437798048,0.2244238135270874,1632.4241107294472,-0.0096607360727914,0.0780138606572647,0.0824995132297581,BA
2023-02-28,1.218483176897696,0.4439769242725136,1.118537776594659,-9.429303975165595,-0.9958109630379663,0.1372832187109201,0.2246621560263215,1630.5649705170154,-0.009509959514718,0.0768803882559171,0.0819343607666836,BA
