date,Current Ratio,Acid Test Ratio,Operating Cash Flow Ratio,Debt Ratio,Debt to Equity Ratio,Interest Coverage Ratio,Asset Turnover Ratio,Inventory Turnover Ratio,Day Sales in Inventory Ratio,Return on Ratio,Return on Equity Ratio,Quality Score,ticker
2021-10-01,1.273775113947278,1.108818541941415,0.1147103155271657,0.6397911848243866,1.7966661863518378,11.06798186145946,0.1258592981886409,0.4013140971241161,922.2148019861536,0.0174081820435877,0.0492363301684653,0.2404507408207002,MRK
2021-10-04,1.274873320833998,1.1118383835273236,0.1174433124521744,0.639060644283693,1.7908351903449322,11.592962020125588,0.1263228676339901,0.4022901454305121,919.7655169603182,0.0183920150395609,0.0516884125687541,0.246016181234921,MRK
2021-10-05,1.275937208755508,1.1147638550636727,0.1200909032232766,0.638352933134896,1.7851864129632424,12.101536548833398,0.1267719505341721,0.4032356922273332,917.39277209154,0.0193451032544101,0.0540638673940338,0.2514077016361974,MRK
2021-10-06,1.276967850179471,1.117597905614511,0.1226557567827818,0.637667337959499,1.7797141598747306,12.59421812351909,0.1272069995937234,0.4041516906867536,915.0941754999112,0.0202684074625451,0.0563650892560236,0.2566307370249339,MRK
2021-10-07,1.277966284058935,1.1203433920856354,0.1251404586685525,0.6370031676333332,1.7744129146952348,13.071503398995851,0.1276284533701638,0.4050390641943172,912.867410051771,0.021162858414176,0.0585943979348261,0.2616905525577724,MRK
2021-10-08,1.2789335168796658,1.1230030821045371,0.1275475136203929,0.63635975262986,1.7692773334275982,13.533873509613969,0.1280367367160903,0.4058987072797694,910.7102310238852,0.0220293577735684,0.0607540407174161,0.2665922488552097,MRK
2021-10-11,1.2798705236747487,1.1255796568103482,0.1298793481049882,0.6357364443452453,1.764302239074575,13.981794554275268,0.1284322612074567,0.4067314865188012,908.6204638406206,0.0228687790279798,0.0628461946630502,0.2713407671433521,MRK
2021-10-12,1.2807782490074853,1.1280757135566029,0.13213831276194,0.635132614444525,1.759482616420084,14.4157180662909,0.1288154255584679,0.4075382414066132,906.5960018818332,0.0236819683681908,0.0648729687978832,0.27594089423499,MRK
2021-10-13,1.2816576079235735,1.1304937685295369,0.134326684773362,0.634547654228202,1.7548136069735458,14.836081468556044,0.1291866160235099,0.4083197852041812,904.6348043592576,0.0244697455415202,0.0668364062410026,0.2803972673550142,MRK
2021-10-14,1.2825094868735345,1.1328362592845669,0.1364466701594271,0.6339809740186392,1.750290504072212,15.243308514500404,0.1295462067865194,0.4090769057580751,902.7348942592628,0.0252329046781831,0.0687384862640246,0.2847143788150377,MRK
2021-10-15,1.283334744606309,1.135105547203502,0.1385004060021776,0.6334320025656252,1.7459087481365447,15.637809715259005,0.1298945603381849,0.4098103662946599,900.8943563498927,0.0259722150918253,0.0705811262863271,0.2888965805419355,MRK
2021-10-18,1.2841342130349342,1.1373039198749704,0.1404899625998422,0.6329001864705178,1.7416639220738672,16.019982753493895,0.1302320278413608,0.4105209061894763,899.1113352501905,0.0266884220550411,0.0723661838079327,0.2929480884648677,MRK
2021-10-19,1.284908698075165,1.1394335934004554,0.1424173455538298,0.6323849896283826,1.7375517468256485,16.390212884283947,0.1305589494850625,0.4112092417125798,897.384033559854,0.0273822475506565,0.0740954582819881,0.2968729867652082,MRK
2021-10-20,1.2856589804578886,1.141496714628269,0.1442844977905052,0.6318858926875641,1.7335680770539363,16.74887332348681,0.1308756548273985,0.4118760667505862,895.7107100473404,0.0280543909995338,0.0757706929287293,0.3006752319936632,MRK
2021-10-21,1.286385816516152,1.1434953633177136,0.1460933015197845,0.6314023925261463,1.7297088969625902,17.096325623964585,0.1311824631277865,0.412522053506155,894.0896778945929,0.0287055299656338,0.0773935764927598,0.3043586570587289,MRK
2021-10-22,1.287089938947595,1.145431554235613,0.1478455801325239,0.6309340017447727,1.7259703162490987,17.43292004005243,0.1314796836687873,0.4131478531756122,892.5193029966188,0.0293363208390431,0.0789657449454143,0.3079269750905113,MRK
2021-10-25,1.2877720575530551,1.147307239187328,0.1495431000386152,0.630480248175317,1.722348566182904,17.758995880637528,0.1317676160678819,0.4137540966053989,890.9980023142064,0.0299473994976584,0.0804887831339234,0.3113837831838005,MRK
2021-10-26,1.2884328599520949,1.149124308984302,0.1511875724476411,0.6300406744049069,1.7188399958062777,18.074881851204346,0.1320465505795048,0.4143413949280048,889.5242422781193,0.030539381948192,0.0819642263790416,0.3147325660241745,MRK
2021-10-27,1.2890730122761642,1.1508845953501203,0.1527806550938849,0.629614837314822,1.715441068253921,18.38089638519094,0.1323167683876395,0.4149103401780292,888.09653724316,0.0311128649471464,0.0833935620227499,0.3179766994007867,MRK
2021-10-28,1.2896931598401065,1.152589872767007,0.1543239539074337,0.6292023076338024,1.7121483571875755,18.67734796499046,0.1325785418892699,0.4154615058889904,886.7134479905432,0.0316684266023835,0.0847782309275923,0.3211194536093797,MRK
2021-10-29,1.2902939277926757,1.1542418602646158,0.155819024633059,0.6288026695053145,1.708958543342053,18.96453543292124,0.1328321349689745,0.415995447671484,885.3735802770706,0.0322066269558944,0.0861196289291583,0.3241639967489543,MRK
2021-11-01,1.2908759217467272,1.1558422231529244,0.1572673743985085,0.6284155200683419,1.7058684111792035,19.24274829247919,0.1330778032649382,0.4165127037732747,884.075583429644,0.032728008548358,0.0874191082431754,0.3271133979154171,MRK
2021-11-02,1.2914397283897143,1.1573925747009737,0.1586704632337877,0.6280404690512748,1.702874845646443,19.512267000175957,0.1333157944266531,0.4170137956218844,882.8181489836995,0.0332330969660573,0.0886779788286295,0.329970630295428,MRK
2021-11-03,1.2919859160751082,1.1588944777631458,0.1600297055429645,0.6276771383784909,1.6999748290365813,19.77336324825719,0.1335463483645644,0.4174992283502251,881.6000093641909,0.0337224013707034,0.0898975097082881,0.3327385741635635,MRK
2021-11-04,1.2925150353953334,1.1603494463546251,0.1613464715299795,0.6273251617892316,1.6971654379457777,20.02630023858589,0.133769697491916,0.4179694913058052,880.4199366077919,0.0341964150127043,0.0910789302479574,0.3354200197858198,MRK
2021-11-05,1.2930276197368018,1.161758947177621,0.1626220885799002,0.6269841844683866,1.6944438403265616,20.271332947966812,0.1339860669590378,0.4184250585440233,879.2767411250303,0.0346556157283927,0.0922234313957621,0.3380176702323806,MRK
2021-11-08,1.2935241858175992,1.1631244010998982,0.163857842597011,0.626653862688818,1.6918072926329462,20.508708385179588,0.1341956748803121,0.4188663893060472,878.1692705011051,0.0351004664217158,0.0933321668826978,0.3405341441024864,MRK
2021-11-09,1.2940052342083717,1.1644471845871045,0.165054979301087,0.6263338634648609,1.689253137054756,20.73866583997946,0.1343987325540466,0.4192939284817578,877.0964083341775,0.0355314155308726,0.0944062543856668,0.3429719781641514,MRK
2021-11-10,1.2944712498369324,1.1657286310903352,0.1662147054831607,0.6260238642166525,1.6867787988383842,20.96143712431684,0.1345954446754768,0.4197081070582274,876.0570731099664,0.0359488974803682,0.095446776654168,0.3453336299113894,MRK
2021-11-11,1.2949227024771006,1.16697003239034,0.1673381902220445,0.6257235524449506,1.684381783691274,21.177246806018672,0.1347860095431124,0.4201093425541823,875.0502171115119,0.0363533331189421,0.0964547826017786,0.3476214800415261,MRK
2021-11-12,1.2953600472222635,1.1681726398997196,0.1684265660628383,0.6254326254161144,1.682059675267511,21.386312435167326,0.1349706192586343,0.4204980394408887,874.074825363009,0.0367451301438105,0.0974312883635263,0.3498378348550961,MRK
2021-11-15,1.2957837249441404,1.1693376659244312,0.1694809301586072,0.6251507898569294,1.6798101327319903,21.588844763405085,0.1351494599205462,0.4208745895498855,873.1299146066469,0.0371246835116518,0.0983772783202194,0.351984928580742,MRK
2021-11-16,1.2961941627372084,1.170466284885871,0.1705023453763834,0.6248777616589689,1.6776308884007052,21.78504795638541,0.1353227118117734,0.4212393724679762,872.2145323114212,0.0374923758367481,0.0992937060907658,0.3540649256274615,MRK
2021-11-17,1.2965917743492432,1.171559634504765,0.171491841368604,0.6246132655921947,1.6755197454547726,21.975119799585105,0.1354905495813997,0.4215927559198765,871.3277557129212,0.0378485777766851,0.1001814954934827,0.356079922766471,MRK
2021-11-18,1.2969769605984018,1.172618816948069,0.1724504156110678,0.6243570350275071,1.6734745757259002,22.159251897684808,0.1356531424207251,0.421935096138905,870.4686908831244,0.0381936484059991,0.1010415414773647,0.3580319512448864,MRK
2021-11-19,1.2973501097772742,1.1736448999400195,0.1733790344084546,0.624108811667966,1.6714933175510551,22.33762986771889,0.1358106542338217,0.4222667382260888,869.6364718292587,0.038527935578147,0.1018747110242503,0.3599229788333514,MRK
2021-11-22,1.2977115980443068,1.1746389178384715,0.174278633868423,0.6238683452884105,1.669573973694174,22.510433526189413,0.135963243802759,0.4225880164980481,868.8302596208263,0.0388517762761653,0.1026818440227958,0.3617549118096768,MRK
2021-11-23,1.2980617898029947,1.1756018726775974,0.1751501208452674,0.6236353934832162,1.6677146093328203,22.67783707033273,0.136111064947667,0.4228992548240088,868.0492415439074,0.0391654969523706,0.1034637541151367,0.3635295968804921,MRK
2021-11-24,1.2984010380692237,1.1765347351780002,0.1759943738540854,0.6234097214219342,1.665913350107759,22.840009253721565,0.1362542666817966,0.4232007669522831,867.2926302818922,0.0394694138574444,0.104221229517092,0.3652488230428444,MRK
2021-11-26,1.2987296848271326,1.1774384457252656,0.1768122439563779,0.6231911016125673,1.6641683802334808,22.9971135563795,0.1363929933617347,0.4234928568265489,866.559663121815,0.0397638333592346,0.1049550338127362,0.3669143233876232,MRK
2021-11-29,1.299048061373857,1.178313915317929,0.1776045556179737,0.6229793136722431,1.662477940667774,23.14930834957938,0.1365273848329247,0.4237758188922438,865.8496011854902,0.0400490522515939,0.1056659067241415,0.3685277768466277,MRK
2021-11-30,1.2993564886534965,1.1791620264858216,0.1783721075401446,0.622774144105054,1.6608403273384953,23.29674705549176,0.13665757657064,0.4240499383933858,865.1617286846756,0.040325358053567,0.1063545648570653,0.3700908098850383,MRK
2021-12-01,1.2996552775806471,1.1799836341797174,0.1791156734647477,0.6225753860868396,1.6592538894257567,23.43957830184438,0.1367836998165517,0.4243154916601171,864.4953521995114,0.0405930292992284,0.1070217024233354,0.3716049981409985,MRK
2021-12-02,1.2999447293538244,1.180779566633179,0.1798360029542069,0.6223828392566944,1.6577170276977913,23.57794607174848,0.1369058817110287,0.4245727463872631,863.8497999795086,0.0408523358184629,0.1076679919406594,0.37307186801396,MRK
2021-12-03,1.30022513575909,1.18155062619747,0.1805338221471206,0.6221963095149912,1.6562281928988247,23.71198984884308,0.1370242454213032,0.4248219619041857,863.2244212663808,0.0411035390089714,0.1082940849105671,0.3744928982033914,MRK
2021-12-06,1.3004967794641908,1.182297590150377,0.1812098344902557,0.6220156088277162,1.6547858841873258,23.84184475790347,0.1371389102656317,0.4250633894362046,862.6185856380382,0.0413468920997764,0.1089006124751652,0.3758695211994031,MRK
2021-12-07,1.3007599343035072,1.1830212114797556,0.1818647214476679,0.6218405550369186,1.6533886476230613,23.96764170105572,0.1372499918335749,0.4252972723578478,862.0316823730814,0.0415826404064938,0.1094881860533696,0.3772031247267894,MRK
2021-12-08,1.3010148655540952,1.183722219642591,0.1824991431876609,0.6216709716770834,1.65203507470143,24.089507489734466,0.1373576021025199,0.4255238464381897,861.4631198351544,0.0418110215786262,0.1100573979572551,0.3784950531439449,MRK
2021-12-09,1.301261830203102,1.1844013213003377,0.1831137392482791,0.621506687797243,1.6507238009335998,24.207564972517,0.1374618495505604,0.4257433400785209,860.9123248765377,0.0420322658391296,0.1106088219891442,0.3797466087980642,MRK
2021-12-10,1.3015010772068276,1.18505920103128,0.183709129182003,0.6213475377886477,1.6494535044710144,24.321933158962576,0.1375628392658495,0.4259559745425917,860.3787422603777,0.0422465962164922,0.1111430140200367,0.3809590533379924,MRK
2021-12-13,1.3017328477416867,1.18569652202063,0.184285913180298,0.621193361217821,1.6482229047728845,24.43272733958173,0.137660673052536,0.4261619641796603,859.8618341009728,0.0424542287695622,0.1116605125499639,0.3821336089860478,MRK
2021-12-14,1.3019573754473317,1.1863139267290632,0.1848446726786464,0.6210440026648326,1.6470307613153212,24.540059202056536,0.1377554495333884,0.4263615166405706,859.3610793215493,0.0426553728053487,0.1121618392508308,0.3832714597701014,MRK
2021-12-15,1.3021748866621747,1.186912037540358,0.1853859709426713,0.6208993115666251,1.645875872340807,24.644036943829004,0.1378472642492142,0.4265548330870773,858.8759731289827,0.042850231090017,0.1126474994922956,0.3843737527171534,MRK
2021-12-16,1.3023856006515542,1.1874914573887996,0.1859103536359455,0.6207591420652366,1.644757073646746,24.74476538117108,0.1379362097551705,0.4267421083946308,858.4060265049338,0.0430390000532894,0.1131179828512147,0.38544159900961,MRK
2021-12-17,1.3025897298287656,1.1880527703669777,0.1864183493700548,0.6206233528607665,1.6436732374118748,24.84234605484622,0.1380223757140656,0.4269235313488232,857.9507657128866,0.0432218699864595,0.1135737636051675,0.3864760751054274,MRK
2021-12-20,1.3027874799691892,1.1885965423145877,0.1869104702374732,0.6204918070689361,1.6426232710593431,24.93687733246901,0.1381058489867453,0.4270992848356971,857.5097318205907,0.043399025234218,0.1140153012105594,0.3874782238232505,MRK
2021-12-21,1.3029790504177243,1.1891233213888348,0.1873872123277848,0.6203643720831004,1.641606116155328,25.02845450766609,0.1381867137196537,0.4272695460261062,857.0824802374291,0.0435706443804841,0.1144430407657827,0.3884490553936415,MRK
2021-12-22,1.3031646342897432,1.1896336386170117,0.1878490562277742,0.620240919440572,1.6406207473420635,25.11716989613826,0.1382650514296587,0.427434486554315,856.6685802662413,0.0437369004284293,0.1148574134599053,0.3893895484774579,MRK
2021-12-23,1.3033444186657612,1.190128008431808,0.1882964675058888,0.6201213246931226,1.6396661713042135,25.20311292872068,0.1383409410862261,0.4275942726910172,856.2676146691531,0.0438979609748763,0.1152588370073366,0.390300651152405,MRK
2021-12-27,1.3035185847800286,1.190606929189892,0.1887298971815624,0.620005467281531,1.6387414257675463,25.286370241534893,0.1384144591910257,0.4277490655109475,855.8791792469739,0.0440539883792468,0.1156477160689106,0.39118328186876,MRK
2021-12-28,1.3036873082032252,1.1910708836742858,0.1891497821798712,0.6198932304140518,1.6378455785289,25.367025763323664,0.1384856798550504,0.427899021055255,855.5028824317378,0.0442051399272307,0.1160244426598104,0.3920383303752289,MRK
2021-12-29,1.3038507590194468,1.1915203395810423,0.1895565457719829,0.6197845009486812,1.6369777265164611,25.44516080005653,0.1385546748733243,0.4280442904888029,855.1383448919779,0.0443515679893402,0.1163893965447447,0.3928666586158707,MRK
2021-12-30,1.3040091019976616,1.1919557499907127,0.189950598001841,0.6196791692791034,1.636136994879411,25.520854116891503,0.1386215137972771,0.4281850202525524,854.7851991503354,0.0444934201745087,0.1167429456207747,0.3936691015989925,MRK
2021-12-31,1.302878979255945,1.1879861835742804,0.1906005478967232,0.620252945310091,1.6401985332426037,25.339057090810417,0.1382872758440556,0.4351406233856185,845.6006284425043,0.0442336231567249,0.116224311641569,0.3930703334302676,MRK
2022-01-03,1.3017841728499069,1.1841406661083616,0.1912301868573902,0.6208087908401102,1.644133148531946,25.16294122179437,0.1379634828268722,0.4418788639207763,836.703075569293,0.0439819447957468,0.1157218849742135,0.3924902767668154,MRK
2022-01-04,1.3007235791440577,1.1804153210632526,0.1918401496005364,0.6213472661973164,1.6479448070934968,24.992328973685066,0.1376498083414759,0.4484065344392104,828.0835712233695,0.0437381313835493,0.1152351591402129,0.3919283468740961,MRK
2022-01-05,1.299696128991516,1.1768063930508033,0.1924310510079593,0.6218689141996099,1.6516373513249991,24.827048358329176,0.1373459361837481,0.4547302152539434,819.7334263882561,0.043501937140483,0.1147636434885248,0.3913839772905243,MRK
2022-01-06,1.2987007866562414,1.173310244038743,0.1930034867464003,0.6223742607018317,1.655214503549267,24.66693276220316,0.1370515600309494,0.4608562810432161,811.6442235792401,0.0432731239675125,0.1143068627009519,0.3908566192564391,MRK
2022-01-07,1.2977365487689445,1.1699233496833097,0.1935580338680149,0.622863815125859,1.6586798697665264,24.511820778456084,0.1367663831329257,0.466790907276574,803.8078083580059,0.0430514612061973,0.1138643563129907,0.390345741160919,MRK
2022-01-10,1.296802443315625,1.1666422957764837,0.1940952513920791,0.6233380709741355,1.6620369432894964,24.3615560442011,0.1364901180129651,0.4725400764401394,796.2162811124351,0.0428367254061732,0.1134356782496533,0.3898508280058839,MRK
2022-01-11,1.295897528657722,1.163463774804246,0.1946156808685163,0.6237975063271534,1.6652891082648735,24.215987082891587,0.1362224861780034,0.4781095840673434,788.8619890932885,0.0426287000998999,0.1130203963757952,0.3893713808869437,MRK
2022-01-12,1.2950208925828786,1.1603845826123906,0.1951198469238148,0.6242425843253894,1.66843964308477,24.074967151623,0.1359632178378842,0.4835050445811973,781.7375186997401,0.0424271755844476,0.1126180920604951,0.3889069164904703,MRK
2022-01-13,1.2941716513853738,1.1574016151765307,0.1956082577898853,0.6246737536361805,1.671491723691545,23.93835409320655,0.1357120516333937,0.4887318969539933,774.8356880059902,0.0422319487101032,0.1122283597550481,0.3884569666063867,MRK
2022-01-14,1.2933489489752912,1.1545118654730415,0.196081405816391,0.6250914489060094,1.6744484267793582,23.806010192865617,0.1354687343727936,0.4937954101901393,768.1495395214199,0.0420428226755821,0.1118508065841464,0.3880210776561807,MRK
2022-01-18,1.2925519560155236,1.1517124204477864,0.1965397679670685,0.6254960911986562,1.6773127328956772,23.677802039410334,0.1352330207765872,0.4987006886376559,761.6723331769925,0.0418596068296398,0.1114850519498354,0.3875988102356687,MRK
2022-01-19,1.2917798690857487,1.1490004580795703,0.1969838063005373,0.6258880884196578,1.6800875294458613,23.55360039075054,0.1350046732302622,0.5034526771336875,755.3975395308285,0.0416821164788831,0.1111307271478466,0.3871897386720477,MRK
2022-01-20,1.2910319098725294,1.1463732445353614,0.1974139684360852,0.6262678357275031,1.682775613603852,23.43328004361136,0.1347834615447599,0.5080561659892181,749.3188331861071,0.0415101727015876,0.1107874749959199,0.3867934505947898,MRK
2022-01-21,1.2903073243847232,1.1438281314144088,0.1978306880048972,0.6266357159319782,1.6853796951319056,23.316719707320274,0.1345691627244296,0.5125157958180133,743.4300864146583,0.0413436021673326,0.1104549494737409,0.3864095465199462,MRK
2022-01-24,1.2896053821934108,1.141362553078486,0.1982343850871838,0.6269920998800634,1.6879023991122075,23.20380188153829,0.1343615607422346,0.5168360622146587,737.7253629798172,0.041182236962273,0.11013281537413,0.3860376394474415,MRK
2022-01-25,1.288925375695577,1.1389740240655606,0.198625466635649,0.627337346829771,1.6903462685931254,23.094412737811997,0.1341604463219832,0.521021320286409,732.1989121523148,0.0410259144198716,0.109820747965132,0.3856773544709526,MRK
2022-01-26,1.2882666194008006,1.1366601365842892,0.1990043268857246,0.6276718048123002,1.6927137671527643,22.98844200482714,0.1339656167273646,0.525075789043417,726.845162913172,0.0408744769569202,0.1095184326626652,0.385328328399979,MRK
2022-01-27,1.287628449240236,1.1344185580868076,0.1993713477529854,0.6279958109828754,1.6950072813824146,22.88578285724806,0.1337768755575779,0.5290035556517685,721.6587183377522,0.040727771914686,0.1092255647134004,0.3849902093937232,MRK
2022-01-28,1.2870102218971888,1.1322470289173725,0.1997268992181443,0.6283096919606201,1.6972291232923884,22.786331808030827,0.133594032549347,0.5328085795536092,716.6343501553145,0.0405856514050217,0.1089418488875502,0.384662656606413,MRK
2022-01-31,1.286411314158612,1.130143360034482,0.200071339700017,0.6286137641578103,1.699381532642675,22.689988604101632,0.1334169033851233,0.5364946964585173,711.7669934785778,0.0404479721612844,0.1086669991812578,0.3843453398437062,MRK
2022-02-01,1.2858311222868657,1.1281054308041818,0.2004050164168311,0.6289083340988383,1.7014666792007658,22.596656125295222,0.1332453095072816,0.5400656222101471,707.0517416979892,0.0403145953939138,0.108400738528287,0.384037939229834,MRK
2022-02-02,1.2852690614111115,1.1261311868623285,0.2007282657362448,0.6291936987292092,1.703486664928916,22.50624028645152,0.1330790779381225,0.5435249565320384,702.483841535544,0.0401853866505236,0.1081427985207216,0.3837401448851453,MRK
2022-02-03,1.2847245649377246,1.124218638043658,0.2010414135144268,0.6294701457148809,1.7054435261030616,22.418649942571683,0.1329180411054995,0.5468761866563705,698.0586882531752,0.0400602156803643,0.1078929191383926,0.3834516566137282,MRK
2022-02-04,1.284197083979131,1.1223658563755712,0.2013447754245406,0.6297379537322505,1.707339235365515,22.33379679693809,0.132762036673896,0.5501226908393173,693.7718210108804,0.0399389563030225,0.1076508484867613,0.3831721836007928,MRK
2022-02-07,1.2836860868004936,1.120570974134612,0.2016386572749634,0.6299973927490773,1.709175703713517,22.251595312105543,0.1326109073807802,0.553267741766547,689.6189183699074,0.0398214862812227,0.1074163425429936,0.3829014441195117,MRK
2022-02-08,1.2831910582836883,1.1188321819636828,0.2019233553175605,0.6302487242966281,1.7109547824256437,22.171962623674016,0.1324645008780742,0.5563145098523008,685.5957939364648,0.039707687197604,0.1071891649099686,0.3826391652470206,MRK
2022-02-09,1.2827114994080335,1.1171477270480952,0.2021991565463264,0.6304922017333181,1.7126782649280166,22.094818456755974,0.1323226695785777,0.5592660664353748,681.6983921415673,0.0395974443353485,0.1069690865779756,0.3823850825892949,MRK
2022-02-10,1.2822469267472427,1.1155159113486195,0.2024663389866934,0.6307280705001115,1.71434788860219,22.02008504505412,0.1321852705071906,0.5621253868752277,677.9227841527603,0.0394906465625385,0.1067558856938574,0.382138940014623,MRK
2022-02-11,1.2817968719821018,1.1139350898897529,0.2027251719757989,0.6309565683679426,1.7159653365365457,21.947687052467952,0.1320521651567843,0.5648953535513352,674.2651639136036,0.0393871862201287,0.1065493473373679,0.3819004893954097,MRK
2022-02-14,1.2813608814283717,1.1124036691014756,0.2029759164339948,0.6311779256774039,1.7175322392229528,21.8775514971501,0.1319232193485781,0.5675787587688144,670.7218443069204,0.0392869590134193,0.1063492633045187,0.3816694903580468,MRK
2022-02-15,1.280938515579445,1.110920105212832,0.2032188251278722,0.6313923655709446,1.7190501762004098,21.809607677935933,0.1317983030968784,0.5701783075732473,667.2892534379461,0.0391898639069195,0.106155431897696,0.3814457100406014,MRK
2022-02-16,1.2805293486632976,1.1094829026957085,0.2034541429250658,0.6316001042178121,1.7205206776473212,21.743787103072208,0.1316772904780444,0.5726966204775417,663.9639310336272,0.0390958030224979,0.1059676577223366,0.3812289228580763,MRK
2022-02-17,1.2801329682132798,1.1080906127572447,0.2036821070410972,0.631801351031965,1.7219452259240164,21.68002342117297,0.1315600595035489,0.5751362361035768,660.7425249544433,0.0390046815407144,0.1057857514899571,0.381018910275005,MRK
2022-02-18,1.2797489746523252,1.1067418318793585,0.2039029472785025,0.6319963088831757,1.723325257067065,21.61825235433309,0.1314464919970064,0.5774996137412983,657.6217878152339,0.0389164076052367,0.1056095298273395,0.3808154605851548,MRK
2022-02-22,1.2793769808901505,1.105435200403906,0.204116886258489,0.632185174301536,1.7246621622368934,21.558411633331957,0.1313364734750433,0.5797891358278411,654.5985737116248,0.0388308922302426,0.1054388150916786,0.3806183686981123,MRK
2022-02-23,1.2790166119330435,1.1041694011620613,0.2043241396453509,0.6323681376755725,1.7259572891201649,21.5004409348621,0.1312298930318916,0.5820071103491794,651.6698350487535,0.0387480492107171,0.1052734351915072,0.3804274359325399,MRK
2022-02-24,1.2786675045058462,1.1029431581465243,0.2045249163638733,0.6325453834441704,1.7272119432883335,21.444281820719432,0.1311266432275883,0.5841557731667258,648.8326194690969,0.0386677950355518,0.1051132234132161,0.3802424698158917,MRK
2022-02-25,1.2783293066857488,1.101755235225223,0.204719418809942,0.6327170902824997,1.7284273895137474,21.38987767889372,0.1310266199796696,0.586237290271224,646.0840668763046,0.0385900488033604,0.1049580182529967,0.3800632838903887,MRK
2022-02-28,1.2780016775475296,1.1006044348952122,0.2049078430545709,0.6328834312821311,1.7296048530446169,21.337173666500068,0.1309297224582483,0.5882537599662065,643.4214065520371,0.038514732140925,0.1048076632540341,0.3798896975250577,MRK
2022-03-01,1.2776842868198797,1.0994895970755143,0.2050903790415552,0.6330445741255241,1.7307455208401468,21.286116654493718,0.1308358529843714,0.5902072149832209,640.8419543629029,0.0384417691241907,0.104662006848789,0.3797215357336433,MRK
2022-03-02,1.2773768145524689,1.098409597937682,0.2052672107789463,0.633200681255061,1.7318505427670663,21.23665517411256,0.1307449169315532,0.5920996245309535,638.3431100546792,0.0383710862017293,0.1045209022062079,0.3795586289982106,MRK
2022-03-03,1.2770789507934144,1.0973633487729069,0.2054385165245439,0.6333519100367999,1.7329210327587696,21.188739364993317,0.1306568226303856,0.5939328962803196,635.9223546310874,0.0383026121205949,0.1043842070837074,0.3794008130982601,MRK
2022-03-04,1.2767903952768305,1.096349794894531,0.2056044689655916,0.6334984129191095,1.7339580699382322,21.142320924909047,0.1305714812761294,0.5957088782875181,633.5772478144829,0.0382362778544959,0.1042517836837851,0.3792479289451831,MRK
2022-03-07,1.2765108571201398,1.0953679145748545,0.2057652353928565,0.6336403375863469,1.7349626997058365,21.097353061077413,0.1304888068391937,0.5974293608569915,631.3054255858973,0.0381720165342125,0.1041234985151103,0.3790998224218898,MRK
2022-03-08,1.2762400545308457,1.0944167180151678,0.2059209778692694,0.6337778271077331,1.7359359347932033,21.05379044299052,0.1304087159784123,0.599096078346169,629.104597801955,0.0381097633801879,0.1039992222579567,0.3789563442274493,MRK
2022-03-09,1.275977714522467,1.0934952463479712,0.2060718533932944,0.6339110200815761,1.7368787562840895,21.01158915671884,0.1303311279570303,0.6007107109138096,626.972545886261,0.0380494556372267,0.1038788296338391,0.3788173497265852,MRK
2022-03-10,1.2757235726393503,1.0926025706703746,0.2062180140571936,0.6340400507749864,1.737792114603386,20.970706660643145,0.1302559645613165,0.6022748862137114,624.9071205929323,0.0379910325112329,0.1037621992792251,0.378682698803873,MRK
2022-03-11,1.275477372690081,1.0917377911077029,0.206359607200346,0.6341650492592276,1.738676930475204,20.93110174256982,0.1301831500217188,0.6037901810354913,622.9062398400201,0.0379344351079265,0.1036492136231929,0.3785522557224957,MRK
2022-03-14,1.2752388664892262,1.0909000359063643,0.2064967755577748,0.6342861415408363,1.739534095851028,20.89273447818628,0.1301126109364834,0.6052581228940906,620.9678866106365,0.0378796063734734,0.1035397587689116,0.3784258889874113,MRK
2022-03-15,1.2750078136071483,1.090088460555068,0.206629657404034,0.6344034496886447,1.7403644748088576,20.85556619081473,0.1300442761976617,0.6066801915696087,619.090106919671,0.0378264910369719,0.1034337243788267,0.3783034712127983,MRK
2022-03-16,1.2747839811276354,1.0893022469334996,0.2067583866925976,0.6345170919568341,1.7411689044242549,20.81955941242354,0.1299780769194282,0.6080578205990168,617.2710078440483,0.0377750355547361,0.1033310035634319,0.378184878993642,MRK
2022-03-17,1.2745671434131072,1.0885406024876052,0.2068830931908936,0.6346271829041427,1.741948195614171,20.784677845857075,0.1299139463686394,0.609392398721256,615.5087556145388,0.0377251880563202,0.1032314927735181,0.3780699927813343,MRK
2022-03-18,1.274357081877158,1.087802759430645,0.2070039026111179,0.6347338335093478,1.742703133954402,20.75088632824581,0.1298518198975628,0.6106852712771751,613.8015737672015,0.0376768982922298,0.1031350916957892,0.3779586967631613,MRK
2022-03-21,1.2741535847642071,1.0870879739692147,0.2071209367369601,0.6348371512831402,1.7434344804715012,20.7181507955599,0.1297916348787074,0.6119377415657218,612.1477413525935,0.0376301175832672,0.1030417031517394,0.3778508787455561,MRK
2022-03-22,1.273956446936036,1.0863955255534543,0.2072343135463697,0.6349372403765017,1.7441429724099409,20.686438248270424,0.1297333306416911,0.6131510721577513,610.5455912009419,0.0375847987714597,0.102951232999691,0.3777464300410011,MRK
2022-03-23,1.2737654696649952,1.0857247161506864,0.2073441473304854,0.6350342016856956,1.7448293239753043,20.655716718083745,0.1296768484120817,0.6143264861687799,608.9935082415294,0.0375408961725212,0.1028635900398942,0.3776452453584634,MRK
2022-03-24,1.2735804604336745,1.085074869541755,0.2074505488088474,0.6351281329539772,1.7454942270542502,20.6259552357154,0.1296221312521475,0.615465168491964,607.4899278745985,0.0374983655297995,0.1027786859225911,0.3775472226972551,MRK
2022-03-25,1.2734012327408324,1.084445330639353,0.2075536252410105,0.635219128870125,1.7461383519119789,20.597123799671063,0.1295691240034613,0.6165682669925485,606.0333343941342,0.0374571639696629,0.1026964350589536,0.3774522632442095,MRK
2022-03-28,1.2732276059133918,1.0838354648276505,0.2076534805346686,0.6353072811638931,1.7467623478679035,20.569193346003114,0.1295177732312965,0.6176368936649898,604.6222594599344,0.0374172499582805,0.1026167545348049,0.3773602712740715,MRK
2022-03-29,1.2730594049243087,1.0832446573225638,0.2077502153503999,0.635392678698481,1.7473668439502057,20.54213571901229,0.1294680271707619,0.6186721257539172,603.2552806174284,0.0373785832597538,0.1025395640270357,0.3772711540530005,MRK
2022-03-30,1.2728964602161343,1.0826723125520112,0.2078439272031395,0.6354754075601131,1.747952449529936,20.515923642864923,0.129419835674619,0.6196750068400656,601.9310198637506,0.0373411248955561,0.1024647857226344,0.3771848217450879,MRK
2022-03-31,1.2767866659455112,1.0865639775472633,0.2080158258976507,0.6348690018276001,1.7435599300275355,20.53117962984844,0.1300339036730638,0.6294277589968539,595.3622530952389,0.0374360153763121,0.1025549302855499,0.3781857300419231,MRK
2022-04-01,1.280555302745845,1.0903340280114135,0.2081823527579583,0.6342815462742282,1.739304676759585,20.54595886723872,0.1306287820465573,0.6388757376487425,588.998760288243,0.0375279405295444,0.1026422578308742,0.3791553599544822,MRK
2022-04-04,1.2842061696461684,1.0939862643985592,0.2083436756538814,0.6337124487068991,1.735182400156258,20.56027625346056,0.1312050704708791,0.6480284669677596,582.8341266314659,0.0376169930217382,0.1027268563904072,0.3800946889322739,MRK
2022-04-05,1.2877429469558566,1.0975243683986065,0.2084999572093069,0.6331611354385491,1.731188944696785,20.57414622136296,0.1317633498819408,0.6568951734955575,576.862137776463,0.037703262623551,0.1028088112449548,0.3810046638795095,MRK
2022-04-06,1.2911691999746169,1.1009519066486524,0.2086513549661253,0.632627050709835,1.7273202847204203,20.58758275276841,0.1323041830614068,0.6654847954443617,571.0767735731789,0.0377868363003071,0.1028882050102977,0.3818862021096441,MRK
2022-04-07,1.294488382586541,1.1042723343283842,0.2087980215430431,0.6321096561288932,1.7235725203683174,20.60059939256745,0.1328281152040146,0.6738059917072657,565.4722020012475,0.0378677982996646,0.1029651177204737,0.3827401922700869,MRK
2022-04-08,1.2977038407418426,1.1074889986431244,0.2089401047894322,0.6316084301286059,1.7199418736522176,20.61320926237276,0.1333356744671659,0.681867150586954,560.042773290939,0.0379462302365421,0.1030396269084567,0.3835674952380159,MRK
2022-04-11,1.3008188158297909,1.1106051421980292,0.2090777479343717,0.6311228674408276,1.7164246846459958,20.62542507374665,0.1338273725033437,0.6896763982516521,554.7830142278276,0.0380222111753923,0.1031118076843152,0.3843689449881971,MRK
2022-04-12,1.303836447946241,1.1136239062668432,0.2092110897310319,0.6306524785870423,1.7130174077962186,20.63725914101512,0.1343037049758909,0.6972416069268282,549.6876226354385,0.0380958177099034,0.1031817328109281,0.3851453494336851,MRK
2022-04-13,1.306759779059052,1.1165483339585065,0.2093402645965464,0.6301967893849378,1.7097166083479969,20.64872339368144,0.1347651520586711,0.7045704028309052,544.7514620303116,0.038167124040211,0.1032494727773344,0.3858974912402517,MRK
2022-04-14,1.3095917560745876,1.1193813732848057,0.2094654027475136,0.629755340470399,1.706518958882532,20.65982938845194,0.1352121789201143,0.7116701738629797,539.9695564440948,0.0382362020476964,0.1033150958697905,0.3866261286153631,MRK
2022-04-18,1.3123352338083878,1.1221258801321576,0.209586630331263,0.6293276868344396,1.703421235962863,20.670588320885862,0.1356452361921375,0.7185480770503019,535.3370854074473,0.038303121367448,0.1033786682406073,0.3873319960725022,MRK
2022-04-19,1.314992977863007,1.12478462114053,0.2097040695530203,0.6289133973746039,1.7004203168844336,20.681011036681223,0.1360647604244099,0.7252110457630203,530.8493790906949,0.0383679494584573,0.1034402539748361,0.3880158051716058,MRK
2022-04-20,1.3175676674159191,1.127360276492391,0.2098178387990976,0.6285120544603882,1.6975131765272051,20.69110804260798,0.1364711745244238,0.7316657967034663,526.5019135963411,0.0384307516716226,0.1034999151548703,0.3886782452363623,MRK
2022-04-21,1.3200618979203027,1.1298554426145058,0.2099280527562351,0.6281232535122416,1.69469688430614,20.70088951709953,0.1368648881838123,0.7379188366770234,522.2903063986859,0.0384915913156265,0.1035577119230284,0.3893199840490952,MRK
2022-04-22,1.3224781837214243,1.1322726347953047,0.210034822527212,0.6277466025937246,1.6919686012169832,20.71036532051321,0.1372462982913449,0.7439764691514068,518.2103119259574,0.0385505297207552,0.1036137025421815,0.3899416685239301,MRK
2022-04-25,1.324818960591261,1.1346142897204536,0.2101382557428459,0.6273817220164113,1.6893255769743627,20.71954500507022,0.1376157893330171,0.7498448006109657,514.2578172805017,0.0386076263007237,0.1036679434544862,0.3905439253589265,MRK
2022-04-26,1.3270865881839151,1.1368827679291915,0.2102384566704912,0.627028243957139,1.6867651472393237,20.72843782448482,0.137973733779637,0.7555297467124134,510.42883809271655,0.0386629386125682,0.1037204893382812,0.3911273616678293,MRK
2022-04-27,1.329283352414299,1.139080356193907,0.2103355263191476,0.626685812087219,1.6842847309335047,20.737052743292715,0.1383204924623001,0.7610370382481908,506.7195145045496,0.0387165224146675,0.1037713931632077,0.3916925655920789,MRK
2022-04-28,1.331411467762483,1.141209269825349,0.2104295625412834,0.6263540812132339,1.6818818276372427,20.74539844588786,0.1386564149361299,0.7663722269234752,503.12610727851296,0.0387684317229512,0.1038207062436053,0.3922401068936956,MRK
2022-04-29,1.3334730795060368,1.1432716549058093,0.2105206601314776,0.6260327169290609,1.6795540150689887,20.753483345276912,0.1389818398326526,0.7715406909526569,499.64499402828994,0.0388187188653511,0.1038684782902404,0.3927705375296369,MRK
2022-05-02,1.335470265882604,1.145269590452505,0.2106089109219781,0.6257213952787684,1.6772989466434929,20.76131559156005,0.1392970952011589,0.7765476404809266,496.2726655671364,0.0388674345345509,0.1039147574604182,0.393284392208205,MRK
2022-05-03,1.337405040184904,1.1472050905133664,0.2106944038752756,0.6254198024300474,1.6751143491062934,20.768903080146845,0.1396024988393994,0.7813981228364381,493.0057223703938,0.0389146278390883,0.1039595904065279,0.3937821889280679,MRK
2022-05-04,1.339279352790257,1.149080106197326,0.2107772251737825,0.6251276343578489,1.6729980202421315,20.776253459715303,0.1398983586139449,0.7860970276183398,489.8408711485495,0.0389603463528589,0.1040030223230717,0.394264429500435,MRK
2022-05-05,1.341095093126692,1.1508965276411618,0.210857458306711,0.6248445965379067,1.670947826654975,20.783374139922245,0.1401849727705358,0.790649091625807,486.7749215273879,0.0390046361630741,0.1040450969922235,0.3947316000549156,MRK
2022-05-06,1.3428540915776142,1.1526561859148776,0.2109351841542355,0.6245704036498376,1.668961701617417,20.79027229887272,0.1404626302347333,0.7950589036330409,483.80478283188745,0.0390475419167201,0.1040858568279643,0.3951841715295688,MRK
2022-05-09,1.3445581213269449,1.15436085486754,0.2110104810690249,0.6243047792895208,1.6670376429872826,20.79695489035599,0.1407316109031746,0.7993309090150487,480.9274609706215,0.0390891068655647,0.1041253429188382,0.395622600145639,MRK
2022-05-10,1.3462089001466089,1.1560122529154315,0.2110834249552272,0.6240474556904638,1.66517371118934,20.80342865085541,0.1409921859257271,0.8034694142288688,478.1400554175201,0.0391293729097579,0.1041635950693722,0.396047327867457,MRK
2022-05-11,1.3478080921281583,1.1576120447743266,0.2111540893449856,0.6237981734538774,1.6633680272600833,20.809700106339225,0.1412446179788248,0.807478591154757,475.4397562879531,0.03916838064007,0.1042006518402021,0.3964587828479682,MRK
2022-05-12,1.3493573093602846,1.1591618431376312,0.2112225454725641,0.6235566812871843,1.6616187709536157,20.81577557883917,0.1414891615302633,0.8113624813017112,472.8238415061851,0.0392061693788099,0.1042365505869436,0.3968573798603385,MRK
2022-05-13,1.3508581135539066,1.1606632103020824,0.2112888623461557,0.6233227357507004,1.6599241789067252,20.82166119282349,0.1417260630957193,0.815124999881573,470.28967406134734,0.0392427772194642,0.1042713274978494,0.3972435207160722,MRK
2022-05-16,1.3523120176164782,1.1621176597426446,0.2113531068174476,0.6230961010122316,1.6582825428613,20.827362881370803,0.1419555614872548,0.8187699397558142,467.8346993491608,0.039278241065098,0.1043050176302894,0.3976175946700642,MRK
2022-05-17,1.3537204871770945,1.163526657638189,0.2114153436490117,0.6228765486093399,1.6566922079422943,20.83288639215101,0.1421778880540548,0.8223009752589854,465.45644259673,0.0393125966655558,0.1043376549460906,0.3979799788129939,MRK
2022-05-18,1.3550849420639417,1.1648916243494978,0.2114756355795893,0.6226638572190386,1.6551515709895075,20.838237293219336,0.1423932669156423,0.8257216659026824,463.1525063678127,0.0393458786534992,0.1043692723457731,0.3983310384514572,MRK
2022-05-19,1.3564067577355745,1.166213935851078,0.2115340433873364,0.6224578124346842,1.653659078941495,20.843420978629275,0.1426019151878051,0.8290354599637638,460.92056814604905,0.0393781205793195,0.1043999017017155,0.3986711274762184,MRK
2022-05-20,1.3576872666674686,1.167494925118234,0.2115906259510915,0.6222582065498409,1.6522132272699837,20.84844267387016,0.1428040432014629,0.8322456979604365,458.7583779937155,0.0394093549449578,0.1044295738902846,0.3990005887189558,MRK
2022-05-23,1.3589277596952412,1.1687358834707915,0.2116454403097291,0.6220648383488989,1.6508125584632067,20.85330744113476,0.1429998547146939,0.8353556160197131,456.6637562836424,0.0394396132366699,0.104458318822961,0.3993197542978577,MRK
2022-05-24,1.360129487315896,1.1699380618748314,0.2116985417196593,0.6218775129042364,1.6494556605566415,20.858020184422344,0.1431895471181365,0.8383683491396373,454.6345915020091,0.0394689259567661,0.1044861654764913,0.3996289459524189,MRK
2022-05-25,1.3612936609484054,1.1711026722037452,0.2117499837105293,0.6216960413797196,1.6481411657096563,20.862585654482192,0.1433733116339714,0.8412869343495639,452.66883811980176,0.0394973226543592,0.1045131419220987,0.399928475367775,MRK
2022-05-26,1.362421454154899,1.1722308884598804,0.2117998181391845,0.6215202408403439,1.6468677488266397,20.86700845360267,0.1435513335086865,0.8441143137716804,450.76451453078846,0.0395248319551526,0.1045392753537809,0.4002186444889013,MRK
2022-05-27,1.363514003823689,1.1733238479580113,0.2118480952419442,0.6213499340678237,1.645634126221217,20.87129304025063,0.1437237921998168,0.8468533375868558,448.9197010539318,0.0395514815902961,0.104564592115723,0.4004997458249924,MRK
2022-05-31,1.36457241131533,1.1743826524718255,0.2118948636852428,0.6211849493819448,1.644439054322214,20.875443733565845,0.1438908615568492,0.8495067669078069,447.13253799822695,0.0395772984243414,0.1045891177288545,0.4007720627443306,MRK
2022-06-01,1.365597743572857,1.1754083693445831,0.2119401706146882,0.6210251204674996,1.643281328420055,20.87946471771496,0.1440527099964743,0.8520772765624783,445.4012237880129,0.0396023084823229,0.1046128769165756,0.4010358697599395,MRK
2022-06-02,1.3665910341973364,1.176402032565067,0.2119840617025885,0.6208702862066308,1.642159781452338,20.88336004610941,0.1442095006723612,0.8545674577904413,443.724013146868,0.0396265369759923,0.1046358936296804,0.4012914328063107,MRK
2022-06-03,1.3675532844898008,1.1773646438099108,0.2120265811939918,0.6207202905164141,1.6410732828273624,20.88713364549153,0.1443613916396267,0.8569798208550303,442.0992153382589,0.0396500083292347,0.1046581910705006,0.4015390095074827,MRK
2022-06-06,1.3684854644606257,1.1782971734533532,0.2120677719512889,0.6205749821915167,1.640020737284417,20.89078931989297,0.144508536014165,0.8593167975738509,440.5251924611688,0.0396727462026882,0.1046797917162953,0.4017788494367431,MRK
2022-06-07,1.369388513807362,1.179200561545438,0.2121076754974203,0.6204342147517724,1.6390010837896891,20.89433075446936,0.1446510821269991,0.8615807437702084,439.0003577989878,0.0396947735175962,0.1047007173419088,0.4020111943682141,MRK
2022-06-08,1.3702633428620132,1.1800757187596451,0.2121463320577352,0.6202978462945201,1.6380132944666717,20.89776151921524,0.1447891736738071,0.8637739416479298,437.52317422,0.0397161124789134,0.1047209890417219,0.4022362785205767,MRK
2022-06-09,1.3711108335087066,1.1809235273109084,0.2121837806005403,0.6201657393515569,1.637056373559998,20.90108507256281,0.1449229498597773,0.8658986020919723,436.0921526278555,0.0397367845976895,0.1047406272509159,0.4024543287931779,MRK
2022-06-10,1.3719318400726903,1.1817448418449448,0.2122200588763826,0.6200377607505614,1.636129356431658,20.904304764868268,0.145052545539936,0.8679568668971386,434.7058504604656,0.0397568107127537,0.1047596517660726,0.4026655649947603,MRK
2022-06-13,1.3727271901815497,1.1825404902997925,0.212255203456105,0.619913781480847,1.6352313085885788,20.90742384178918,0.1451780913550897,0.8699508109271433,433.36287023580655,0.0397762110117223,0.1047780817651306,0.4028702000650433,MRK
2022-06-14,1.3734976855995071,1.1833112747404262,0.212289249767711,0.6197936765633111,1.6343613247405957,20.910445447556317,0.1452997138635198,0.8718824442062104,432.06185814316814,0.039795005051348,0.104795935826718,0.4030684402893799,MRK
2022-06-15,1.3742441030356536,1.18405797216729,0.2123222321320793,0.6196773249244482,1.633518527887862,20.91337262814322,0.1454175356685615,0.8737537139453067,430.8015026784246,0.0398132117772355,0.1048132319488809,0.403260485506706,MRK
2022-06-16,1.3749671949269204,1.1847813352995642,0.212354183797561,0.6195646092742997,1.6327020684367763,20.91620833433679,0.1455316755421957,0.8755665065050562,429.5805333219543,0.0398308495429389,0.1048299875672262,0.4034465293109907,MRK
2022-06-17,1.3756676901965854,1.185482093333955,0.2123851369734965,0.6194554159882184,1.631911123343537,20.91895542471181,0.1456422485447788,0.8773226492973135,428.3977192578737,0.0398479361284642,0.1048462195724981,0.4036267592463915,MRK
2022-06-21,1.3763462949890732,1.186160952679771,0.212415122862684,0.6193496349923272,1.6311448952844616,20.921616668512613,0.1457493661410312,0.8790239126273128,427.2518681332956,0.0398644887581917,0.1048619443276053,0.403801356996311,MRK
2022-06-22,1.3770036933817955,1.1868185976710302,0.2124441716928344,0.6192471596525575,1.630402611852232,20.92419474844464,0.1458531363124006,0.8806720114782496,426.1418248563606,0.0398805241182403,0.1048771776841155,0.4039704985665455,MRK
2022-06-23,1.3776405480747451,1.1874556912563126,0.2124723127470426,0.6191478866671557,1.62968352477726,20.926692263378783,0.1459536636659148,0.8822686072400946,425.0664704318298,0.0398960583732874,0.1048919349982346,0.4041343544627102,MRK
2022-06-24,1.3782575010585407,1.188072875667055,0.2124995743933068,0.6190517159625477,1.6289869091733804,20.929111730971243,0.1460510495396317,0.8838153093843819,424.02472083306566,0.0399111071828642,0.1049062311462876,0.4042930898621197,MRK
2022-06-27,1.3788551742615922,1.188670773064962,0.2125259841131253,0.6189585505924586,1.6283120628071224,20.93145559020144,0.1461453921047949,0.8853136770866603,423.01552590926286,0.0399256857171418,0.1049200805397139,0.4044468647802977,MRK
2022-06-28,1.3794341701770485,1.1892499861691843,0.2125515685291994,0.6188682966401848,1.6276583053898095,20.933726203830687,0.1462367864647968,0.8867652207982425,422.0378683268289,0.0399398086722232,0.1049334971395956,0.4045958342322827,MRK
2022-06-29,1.3799950724701466,1.1898110988638997,0.2125763534322712,0.6187808631239197,1.6270249778917882,20.935925860784025,0.1463253247510486,0.8881714037688377,421.090762543846,0.0399534902849583,0.1049464944707311,0.4047401483888931,MRK
2022-06-30,1.380189675695786,1.1917365138510605,0.2117360659717669,0.6180538985900198,1.6222695542401462,20.897172969301188,0.146010852012413,0.8842191187651086,422.9064375402521,0.0398572500770624,0.1045207021023146,0.4046791731930847,MRK
2022-07-01,1.3803781975706242,1.1936017596198722,0.2109220374944033,0.6173496516978043,1.6176627375776178,20.85963110567719,0.1457062065468598,0.880390342667746,424.6653726930206,0.0397640173756632,0.1041082157454112,0.4046201034721453,MRK
2022-07-05,1.3805608281368738,1.1954087164584088,0.2101334474069573,0.6166674125209706,1.6131998839357935,20.823262425291443,0.1454110812521052,0.876681215823426,426.369341122265,0.0396736981961828,0.1037086195871609,0.4045628796799853,MRK
2022-07-06,1.380737751497928,1.1971592058957412,0.209369500759744,0.6160064933184128,1.6088764944702765,20.78803026616775,0.1451251786228116,0.873087999192991,428.0200605380956,0.0395862014910611,0.1033215108088561,0.4045074441313302,MRK
2022-07-07,1.380909146003949,1.1988549925381569,0.2086294274452562,0.6153662278409351,1.6046882109255565,20.753899112016672,0.1448482104506835,0.8696070705822571,429.6191949721814,0.0395014390579745,0.1029464991798732,0.4044537409435706,MRK
2022-07-08,1.381075184431657,1.200497785847997,0.2079124814218461,0.6147459706596285,1.6006308112416092,20.720834556432816,0.1445798975339343,0.8662349209906085,431.16835645520206,0.0394193254509218,0.1025832066642961,0.4044017159804286,MRK
2022-07-11,1.3812360341584995,1.2020892418669047,0.2072179399616675,0.6141450965152379,1.5967002052977852,20.68880326821096,0.1443199693958336,0.8629681510736991,432.6691066418784,0.0393397778940895,0.1022312670398307,0.4043513167973847,MRK
2022-07-12,1.381391857331378,1.2036309648852217,0.2065451029221195,0.6135629996878593,1.5928924307897057,20.65777295774603,0.1440681640120485,0.859803467716693,434.12295838522107,0.0392627161984083,0.1018903255286299,0.4043024925888109,MRK
2022-07-13,1.3815428110301038,1.2051245090592158,0.2058932920400575,0.6129990933863364,1.5892036492350037,20.627712344483133,0.1438242275465067,0.8567376807145934,435.5313772615843,0.039188062680717,0.1015600384396541,0.4042551941367551,MRK
2022-07-14,1.3816890474257446,1.2065713799777729,0.2052618502480598,0.612452809156736,1.585630142103886,20.5985911253847,0.1435879140955131,0.8537676995563095,436.8957830480612,0.0391157420854537,0.1012400728222088,0.404209373761326,MRK
2022-07-15,1.3818307139340216,1.207973036180125,0.2046501410120621,0.6119235963093107,1.582168307070616,20.57037994438309,0.1433589854398631,0.8508905303092219,438.2175511537106,0.0390456815087923,0.1009301061303087,0.4041649852726291,MRK
2022-07-18,1.3819679533639149,1.2093308906261535,0.2040575476896893,0.6114109213633674,1.5788146543821355,20.54305036278779,0.1431372108047021,0.8481032726011057,439.4980140060585,0.0389778103251515,0.1006298258975304,0.4041219839242039,MRK
2022-07-19,1.382100904061624,1.210646312120744,0.2034834729086407,0.6109142675094849,1.57556580334017,20.516574830617337,0.1429223666268899,0.8454031166963683,440.7384623942705,0.0389120601159996,0.1003389294220265,0.4040803263679171,MRK
2022-07-20,1.38222970005003,1.2119206266936282,0.2029273379644998,0.6104331340885362,1.572418478893266,20.49092665882721,0.1427142363296343,0.8427873406636537,441.9401467703509,0.0388483646008836,0.1000571234613821,0.4040399706102642,MRK
2022-07-21,1.3823544711637978,1.2131551189361098,0.2023885822373633,0.6099670360869921,1.5693695083353278,20.466079992405525,0.142512610104168,0.8402533076319615,443.1042785096788,0.0387866595706151,0.0997841239370078,0.404000875970038,MRK
2022-07-22,1.3824753431802606,1.214351033296014,0.2018666626266999,0.6095155036479962,1.566415818107325,20.44200978430952,0.1423172846982474,0.8377984631325097,444.2320311321527,0.0387268828225424,0.0995196556477702,0.4039630030373188,MRK
2022-07-25,1.382592437946209,1.215509575332171,0.2013610530038697,0.609078081597719,1.5635544306989475,20.418691770216512,0.1421280632112619,0.8354203325236658,445.3245414851743,0.0386689740978469,0.0992634519925713,0.4039263136337471,MRK
2022-07-26,1.3827058735007214,1.216631912929698,0.2008712436817529,0.608654328986513,1.5607824616470816,20.39610244406391,0.1419447548957447,0.8331165184963482,446.382910889664,0.0386128750207983,0.0990152547015973,0.403890770774037,MRK
2022-07-27,1.3828157641941554,1.2177191774773024,0.2003967409009523,0.6082438186444071,1.5580971166280864,20.37421903435358,0.1417671749650874,0.8308846986573842,447.4082062502633,0.0385585290399074,0.0987748135759663,0.4038563386286928,MRK
2022-07-28,1.3829222208034195,1.2187724650077942,0.1999370663320517,0.607846136750492,1.5554956886409348,20.353019481196696,0.1415951444072632,0.828722623188388,448.4014611308439,0.0385058813709193,0.0985418862355113,0.4038229824878907,MRK
2022-07-29,1.383025350643644,1.219792837302958,0.1994917565934292,0.6074608824157618,1.5529755552783815,20.332482414075965,0.1414284898043709,0.8266281125777978,449.3636767964064,0.0384548789415871,0.0983162378744455,0.4037906687264886,MRK
2022-08-01,1.3831252576763615,1.2207813229638982,0.1990603627841387,0.6070876672789919,1.5505341760834084,20.31258713030276,0.1412670431578191,0.8245990554237886,450.29582322242,0.0384054703381715,0.098097641024663,0.4037593647701304,MRK
2022-08-02,1.383222042614307,1.221738918447934,0.1986424500313885,0.6067261151152461,1.548169089988278,20.29331357414746,0.141110641718972,0.8226334063058423,451.1988400726207,0.0383576057536127,0.0978858753264361,0.4037290390624083,MRK
2022-08-03,1.383315803022941,1.2226665890730934,0.1982375970521618,0.6063758614566174,1.5458779128336206,20.274642316622018,0.1409591278250888,0.8207291837228317,452.0736376462526,0.0383112369373213,0.0976807273062789,0.4036996610330526,MRK
2022-08-04,1.383406633418806,1.2235652699912167,0.1978453957285359,0.6060365532248208,1.543658334965046,20.25655453589425,0.1408123487403896,0.8188844680955402,452.9210977957085,0.0382663171465391,0.0974819901617516,0.4036712010671142,MRK
2022-08-05,1.3834946253647995,1.2244358671306488,0.1974654506962734,0.6057078483752678,1.5415081189048645,20.239031998314218,0.1406701565020871,0.8170973998316016,453.742074815494,0.0382228010992188,0.0972894635529907,0.4036436304751114,MRK
2022-08-08,1.3835798675624813,1.2252792581094736,0.197097378946269,0.6053894155522633,1.5394250970965635,20.222057040033565,0.1405324077712316,0.815366177450911,454.53739630341113,0.0381806449283772,0.0971029534007537,0.4036169214641087,MRK
2022-08-09,1.3836624459414852,1.22609629312021,0.1967408094384522,0.6050809337549777,1.5374071697197722,20.20561254919918,0.1403989636882154,0.813689055769617,455.3078639948309,0.0381398061378745,0.096922271690774,0.4035910471096998,MRK
2022-08-10,1.3837424437461452,1.226887795786861,0.1963953827277548,0.6047820920138574,1.5354523025735054,20.18968194870337,0.1402696897327934,0.8120643441408635,456.05425457089376,0.0381002435595749,0.0967472362842312,0.4035659813288662,MRK
2022-08-11,1.3838199416194097,1.227654563995179,0.1960607506017666,0.604492589077147,1.5335585250255594,20.17424917947306,0.1401444555884783,0.8104904047505085,456.77732044145466,0.0380619173118472,0.0965776707341429,0.4035416988536837,MRK
2022-08-12,1.3838950176841347,1.228397370696987,0.1957365757297156,0.6042121331072088,1.531723928025987,20.15929868428119,0.1400231350111731,0.8089656509661022,457.4777905035605,0.038024788759361,0.0964134041074948,0.4035181752058506,MRK
2022-08-15,1.383967747621837,1.2291169646893636,0.1954225313224161,0.6039404413863312,1.529946662182651,20.144815392064068,0.1399056057019087,0.8074885457374585,458.1563708762256,0.03798882047414,0.0962542708129295,0.4034953866720123,MRK
2022-08-16,1.384038204748986,1.2298140713694783,0.1951183008028447,0.603677240031731,1.528224935896919,20.13078470272873,0.1397917491835588,0.8060576000472099,458.8137456122449,0.0379539761978322,0.0961001104338193,0.4034733102798564,MRK
2022-08-17,1.3841064600909116,1.23048939346584,0.19482357748701,0.6034222637194621,1.5265570135576167,20.117192472435125,0.1396814506814073,0.8046713714097816,459.45057738776353,0.037920220805159,0.0959507675665564,0.4034519237749553,MRK
2022-08-18,1.384172582453402,1.2311436117466898,0.194538064274795,0.6031752554169515,1.5249412137914171,20.104024999338197,0.1395745990074481,0.803328462417273,460.0675081702972,0.0378875202685068,0.0958060916638954,0.4034312055983325,MRK
2022-08-19,1.3842366384920648,1.2317773857062633,0.1942614733504618,0.6029359661238944,1.5233759077679117,20.09126900977554,0.1394710864483,0.8020275193307802,460.6651598658768,0.037855841623625,0.0956659368831925,0.4034111348647291,MRK
2022-08-22,1.3842986927795191,1.2323913542296,0.1939935258925141,0.6027041546212454,1.5218595175576406,20.07891164488672,0.1393708086566254,0.8007672307157404,461.2441349459695,0.0378251529363957,0.0955301619393867,0.4033916913415508,MRK
2022-08-23,1.384358807870491,1.2329861362365826,0.1937339517926271,0.6024795872280542,1.5203905145414405,20.06694044765068,0.1392736645459406,0.7995463261199206,461.8050170548093,0.0377954232706424,0.0953986299625747,0.4033728554284719,MRK
2022-08-24,1.3844170443648696,1.2335623313058468,0.1934824893833617,0.6022620375659001,1.5189674178694967,20.055343350328258,0.1391795561887147,0.7983635747927201,462.34837159774776,0.0377666226569439,0.0952712083600382,0.4033546081376766,MRK
2022-08-25,1.3844734609687988,1.2341205202791965,0.1932388851743858,0.6020512863306884,1.5175887929685512,20.04410866229717,0.1390883887176521,0.7972177844444946,462.8747463112194,0.0377387220624234,0.0951477686825809,0.4033369310747187,MRK
2022-08-26,1.3845281145538553,1.234661265847129,0.1930028935969404,0.601847121071577,1.5162532500957602,20.03322505826705,0.1390000702300602,0.7961078000446512,463.3846718148952,0.0377116933614817,0.0950281864950441,0.4033198064199783,MRK
2022-08-29,1.3845810602143789,1.2351851131160636,0.1927742767562901,0.6016493359768129,1.514959442937744,20.022681566862868,0.1389145116952055,0.7950325026573029,463.878662146581,0.0376855093074444,0.0949123412508679,0.4033032169106985,MRK
2022-08-30,1.3846323513230108,1.2356925901578442,0.1925528041919102,0.6014577316662602,1.5137060672534155,20.01246755956507,0.1388316268645651,0.7939908083133091,464.3572152804017,0.0376601435050958,0.0948001161705721,0.4032871458235836,MRK
2022-08-31,1.384682039584498,1.236184208542069,0.1923382526451671,0.6012721149904122,1.5124918595592227,20.00257273999533,0.1387513321848822,0.7929816669175653,464.8208136287905,0.0376355703840706,0.0946913981240357,0.4032715769579412,MRK
2022-09-01,1.384730175087814,1.2366604638517866,0.1921304058342598,0.6010922988356845,1.5113155958554731,19.99298713353714,0.1386735467139394,0.7920040611904384,465.26992452879216,0.0376117651730775,0.0945860775164535,0.40325649461935,MRK
2022-09-02,1.3847768063566512,1.2371218361830758,0.1919290542361933,0.600918101935792,1.510176090392466,19.983701077280774,0.1385981920389635,0.7910570056422843,465.7050007131688,0.0375887038749278,0.0944840481778582,0.4032418836038398,MRK
2022-09-06,1.3848219803983373,1.237568790629012,0.1917339948755665,0.6007493486890212,1.5090721944751777,19.974705210282416,0.1385251921975806,0.79013954558001,466.1264807667836,0.0375663632423454,0.094385207256094,0.4032277291825643,MRK
2022-09-07,1.3848657427512208,1.2380017777485128,0.1915450311199591,0.6005858689812119,1.5080027953053043,19.96599046412776,0.138454473601241,0.7892507561446818,466.534789568723,0.0375447207545311,0.094289455113135,0.4032140170869537,MRK
2022-09-08,1.3849081375305765,1.2384212340205292,0.1913619724817146,0.6004274980142718,1.50696681485949,19.95754805379043,0.1383859649610369,0.7883897413792075,466.93033872060175,0.0375237545944611,0.0941966952246434,0.4032007334943309,MRK
2022-09-09,1.3849492074730774,1.238827582284045,0.1911846344259151,0.6002740761400485,1.5059632088026071,19.949369468776144,0.1383195972158392,0.7875556333251543,467.3135269614843,0.0375034436268932,0.0941068340826672,0.4031878650139776,MRK
2022-09-12,1.3849889939798752,1.239221232164326,0.1910128381843595,0.6001254486993947,1.504990965435002,19.94144646454356,0.138255303462679,0.7867475911477904,467.6847405698393,0.0374837673770618,0.0940197811013777,0.4031753986736353,MRK
2022-09-13,1.3850275371583356,1.2396025804858484,0.1908464105753524,0.5999814658662612,1.5040491046726343,19.93377105419324,0.138193018889305,0.7859648002884689,468.0443537529332,0.0374647060100377,0.0939354485257536,0.4031633219064287,MRK
2022-09-14,1.385064875862469,1.239972011672323,0.1906851838291267,0.5998419824966632,1.503136677059091,19.926335500416364,0.138132680708849,0.7852064716435013,468.39272902405537,0.037446240310733,0.0938537513431177,0.4031516225381973,MRK
2022-09-15,1.3851010477320984,1.2403298981342203,0.1905289954187207,0.5997068579823651,1.5022527628084708,19.91913230769502,0.1380742280965322,0.784471840768689,468.730217567955,0.0374283516645316,0.0937746071974392,0.4031402887752232,MRK
2022-09-16,1.3851360892308018,1.2406766006441834,0.1903776878961398,0.5995759561091388,1.5013964708781824,19.912154214746216,0.1380176021283503,0.7837601671087145,469.05715959485775,0.0374110220385241,0.0936979363063131,0.4031293091923419,MRK
2022-09-19,1.3851700356826706,1.24101246870071,0.1902311087336396,0.5994491449194509,1.5005669380707154,19.905394187202063,0.1379627457216741,0.7830707332506143,469.3738846834198,0.0373942339633292,0.0936236613805347,0.4031186727214258,MRK
2022-09-20,1.3852029213079189,1.2413378408804705,0.1900891101699675,0.5993262965794407,1.4997633281634817,19.898845410518664,0.1379096035777065,0.7824028442005797,469.68071211296433,0.0373779705154842,0.0935517075461869,0.4031083686402257,MRK
2022-09-21,1.3852347792573776,1.241653045179613,0.1899515490614101,0.5992072872500559,1.4989848310658491,19.892501283106625,0.1378581221257379,0.7817558266833586,469.97795118533554,0.0373622153003844,0.0934820022691624,0.4030983865615632,MRK
2022-09-22,1.385265641645916,1.2419583993444077,0.1898182867374952,0.5990919969622144,1.4982306620025176,19.88635540967621,0.1378082494691433,0.7811290284635506,470.2659015366952,0.0373469524357564,0.093414475282045,0.4030887164228589,MRK
2022-09-23,1.3852955395848126,1.2422542111915524,0.1896891888612026,0.5989803094958679,1.4975000607224151,19.88040159479049,0.1377599353330674,0.7805218176881116,470.5448534395748,0.037332166535648,0.093349058513275,0.403079348475989,MRK
2022-09-26,1.3853245032131187,1.242540778918474,0.1895641252935442,0.5988721122628446,1.496792290732316,19.87463383661996,0.1377131310137438,0.779933582249405,470.8150880954894,0.0373178426949181,0.0932856860185291,0.4030702732774588,MRK
2022-09-27,1.3853525617280402,1.242818391403929,0.1894429699623751,0.5987672961933534,1.4961066385544073,19.86904632089225,0.137667789329399,0.7793637291681581,471.0768779184067,0.0373039664742109,0.0932242939142439,0.4030614816788828,MRK
2022-09-28,1.3853797434143704,1.2430873284992137,0.189325600735305,0.5986657556260339,1.4954424130070585,19.863633415031032,0.13762386457269,0.7788116839957001,471.33048680935786,0.0372905238854009,0.0931648203132177,0.4030529648177622,MRK
2022-09-29,1.385406075673003,1.2433478613102706,0.1892118992965809,0.598567388201443,1.494798944508064,19.85838966247798,0.1375813124646282,0.7782768902348814,471.5761704224668,0.0372775013774911,0.0931072052622236,0.4030447141085516,MRK
2022-09-30,1.3877152860821584,1.2476654730123566,0.190911102406603,0.5981184889756237,1.4920584566635398,19.727953305197676,0.1376474585012661,0.7758541164674104,473.1166615380458,0.0370619192115948,0.0924841733194715,0.4036060249137542,MRK
2022-10-03,1.3899523336660278,1.2518481593487525,0.1925572054194369,0.5976836178506113,1.4894036090641567,19.601593084082378,0.1377115374742591,0.773507054380173,474.609012306263,0.0368530739883827,0.0918806111249303,0.4041497947562942,MRK
2022-10-04,1.3921194735129012,1.255900136737136,0.1941518677131198,0.5972623364482555,1.4868317254522545,19.479181619876936,0.1377736139793461,0.7712333379831615,476.0547271129735,0.0366507551783959,0.0912959102489686,0.4046765717912549,MRK
2022-10-05,1.39421889023956,1.2598254898321322,0.195696696810125,0.5968542200897234,1.4843402132032242,19.360595513927912,0.137833750593649,0.7690306752235567,477.4552633319742,0.0364547588312213,0.0907294812753808,0.405186887043873,MRK
2022-10-06,1.3962527001935106,1.26362817564291,0.1971932499978489,0.5964588573673955,1.481926560711976,19.2457152237898,0.137892007938755,0.7668968456751897,478.8120327941312,0.0362648873698959,0.0901807532072175,0.4056812549448468,MRK
2022-10-07,1.3982229535864,1.2673120275221008,0.1986430358984564,0.5960758497301402,1.4795883348610794,19.1344249427185,0.1379484447418265,0.764829698300209,480.1264032105957,0.0360809493917368,0.0896491728911843,0.4061601738489152,MRK
2022-10-10,1.400131636560762,1.270880759030067,0.2000475159896699,0.5957048110815492,1.4773231785680234,19.02661248293068,0.138003117894802,0.7628271492806964,481.3996995515457,0.0359027594753953,0.0891342044600272,0.4066241265372314,MRK
2022-10-11,1.4019806731921751,1.2743379676784092,0.201408106078033,0.5953453673907266,1.4751288084091254,18.922169162511224,0.1380560825117469,0.7608871799180437,482.633205381841,0.0357301379939394,0.0886353287923437,0.4070735807040377,MRK
2022-10-12,1.4037719274288565,1.2776871385564907,0.2027261777261347,0.5949971563152423,1.473003012317693,18.82098969585488,0.1381073919844124,0.7590078345979738,483.82816415493966,0.0355629109337791,0.0881520429892753,0.4075089894281314,MRK
2022-10-13,1.4055072049706416,1.2809316478446322,0.2040030596352332,0.5946598268358668,1.4709436473541178,18.72297208753154,0.138157098036057,0.7571872188191562,484.9857804663789,0.0354009097192487,0.0876838598675528,0.4079307916295971,MRK
2022-10-14,1.4071882550892458,1.2840747662175194,0.2052400389846725,0.5943330389027218,1.4689486375456542,18.62801752946831,0.1382052507735878,0.7554234972834266,486.1072212680857,0.0352439710426724,0.0872303074683842,0.408339412512267,MRK
2022-10-17,1.4088167723916438,1.2871196621412535,0.2064383627294417,0.5940164630924876,1.4670159717937052,18.536030301344557,0.1382518987380707,0.7537148920456886,487.1936170447392,0.0350919366997392,0.0867909285816895,0.4087352639923535,MRK
2022-10-18,1.4103943985283418,1.2900694050673711,0.2075992388571869,0.593709780276323,1.4651437018465046,18.446917674099662,0.1382970889536635,0.75205968072163,488.2460629533722,0.0349446534300225,0.0863652802852041,0.4091187451136873,MRK
2022-10-19,1.411922723848268,1.292926968527048,0.2087238376059401,0.5934126812981637,1.463329940335154,18.36058981645618,0.1383408669750191,0.7504561947514481,489.2656199273604,0.0348019727624846,0.0859529334979839,0.4094902424499794,MRK
2022-10-20,1.4134032890019463,1.2956952331286096,0.2098132926437947,0.5931248666630718,1.4615728588710333,18.276959704364053,0.1383832769332073,0.7489028177178345,490.2533157459116,0.0346637508658072,0.0855534725478642,0.4098501304945123,MRK
2022-10-21,1.4148375864945724,1.2983769894613724,0.2108687022117163,0.5928460462353266,1.4598706862026662,18.195943033274805,0.1384243615802021,0.7473979837165212,491.2101460701329,0.0345298484034009,0.0851664947524358,0.4101987720376537,MRK
2022-10-24,1.4162270621905535,1.3009749409087363,0.2118911302306405,0.5925759389459483,1.4582217064301857,18.117458133157097,0.1384641623319783,0.7459401757777491,492.1370754467224,0.0344001303929449,0.0847916100131146,0.4105365185325718,MRK
2022-10-25,1.4175731167710357,1.3034917063733702,0.2128816073739732,0.5923142725093632,1.4566242572755952,18.041425886168067,0.1385027193102616,0.7445279243370635,493.0350382802934,0.0342744660703156,0.0844284404218971,0.4108637104495238,MRK
2022-10-26,1.4188771071458777,1.3059298229172345,0.2138411321065768,0.5920607831489213,1.4550767284070856,17.967769646897445,0.1385400713829734,0.7431598057538993,493.90493977531537,0.0341527287577685,0.0840766198804052,0.411180677619071,MRK
2022-10-27,1.4201403478215058,1.3082917483191026,0.2147706716912866,0.5918152153309932,1.4535775598157168,17.89641516510403,0.1385762562034131,0.741834440876459,494.74765684861785,0.0340347957362385,0.0837357937308349,0.4114877395645698,MRK
2022-10-28,1.4213641122260203,1.3105798635521624,0.2156711631639741,0.5915773215073754,1.4521252402428284,17.82729051086666,0.138611310248214,0.7405504936514387,495.56403901337967,0.0339205481216312,0.0834056183984387,0.4117852058242718,MRK
2022-10-31,1.4225496339928942,1.3127964751841894,0.2165435142781402,0.5913468618657457,1.4507183056565929,17.76032600207421,0.1386452688541148,0.7393066697772004,496.3549092354927,0.0338098707449805,0.0830857610451799,0.4120733762633582,MRK
2022-11-01,1.4236981082045532,1.3149438177027155,0.2173886044199886,0.5911236040879169,1.449355337776177,17.69545413418152,0.1386781662535813,0.7381017153990319,497.1210647631647,0.0337026520363501,0.0827758992342104,0.4123525413762231,MRK
2022-11-02,1.4248106925970978,1.3170240557675377,0.2182072854949042,0.5909073231156452,1.448034962642024,17.632609512160478,0.1387100356093144,0.7369344158451812,497.863277930597,0.0335987839123644,0.0824757206048337,0.4126229825793109,MRK
2022-11-03,1.4258885087273754,1.3190392863928342,0.2190003827862287,0.590697800923757,1.4467558492308137,17.571728784577594,0.1387409090476809,0.7358035944023884,498.58229693654704,0.0334981616672533,0.082184922557625,0.4128849724948023,MRK
2022-11-04,1.4269326431035818,1.3209915410610902,0.2197686957871993,0.5904948263003653,1.4455167081137037,17.512750579731676,0.1387708176910984,0.7347081111296829,499.27884659856113,0.0334006838673018,0.0819032119493916,0.4131387752254346,MRK
2022-11-07,1.4279441482805315,1.322882787770963,0.2205129990068896,0.5902981946339546,1.444316290156503,17.45561544378719,0.1387997916894091,0.7336468617092495,499.9536290836373,0.0333062522485989,0.0816303047976655,0.4133846466207345,MRK
2022-11-08,1.4289240439207018,1.3247149330211525,0.2212340427509645,0.5901077077071193,1.443153385260465,17.400265780840975,0.1388278602502726,0.7326187763332046,500.6073246160548,0.0332147716179804,0.0813659259944308,0.4136228345349314,MRK
2022-11-09,1.4298733178221168,1.3264898237322735,0.2219325538780371,0.5899231734967476,1.4420268211424283,17.346645794861825,0.1388550516686091,0.731622818625161,501.2405921630842,0.0331261497570688,0.0811098090287972,0.4138535790768096,MRK
2022-11-10,1.4307929269141124,1.328209249108672,0.2226092365323887,0.58974440598045,1.44093546215308,17.294701433444523,0.1388813933551226,0.7306579845954939,501.854070099269,0.0330402973293106,0.0808616957183397,0.4140771128517542,MRK
2022-11-11,1.4316837982219832,1.329874942442058,0.2232647728537918,0.5895712249490367,1.439878208132149,17.244380333321512,0.1389069118639326,0.7297233016292539,502.448376849948,0.0329571277899199,0.0806213359488339,0.4142936611962317,MRK
2022-11-14,1.432546829801483,1.3314885828587757,0.2238998236651511,0.5894034558248551,1.4388539932993722,17.195631767577346,0.1389316329193423,0.7288178275057089,503.0241115146683,0.0328765572986351,0.0803884874221252,0.4145034424049442,MRK
2022-11-15,1.4333828916441234,1.333051797012471,0.2245150291386554,0.5892409294858041,1.4378617851801196,17.148406594512686,0.1389555814417704,0.7279406494485245,503.58185447111606,0.032798504635203,0.0801629154118762,0.4147066679508845,MRK
2022-11-16,1.4341928265541812,1.3345661607238632,0.2251110094411126,0.5890834820948485,1.4369005835645934,17.102657208106297,0.1389787815728726,0.7270908832056273,504.1221679601748,0.0327228911175031,0.0799443925269474,0.4149035426985142,MRK
2022-11-17,1.4349774509982998,1.3360332005692743,0.2256883653591181,0.5889309549348603,1.4359694194995525,17.058337490025107,0.1390012566998778,0.7262676721578205,504.6455966527005,0.0326496405222314,0.0797326984821727,0.4150942651102805,MRK
2022-11-18,1.4357375559285397,1.3374543954195166,0.2262476789046859,0.5887831942486216,1.435067354311544,17.015402763133956,0.1390230294791642,0.7254701864552577,505.1526681985848,0.0325786790080619,0.0795276198762972,0.4152790274466791,MRK
2022-11-21,1.4364739075797095,1.3388311779306887,0.2267895139019548,0.5886400510838279,1.4341934786606607,16.973809746458148,0.1390441218590979,0.7246976221809001,505.6438937586601,0.0325099350412102,0.0793289499768553,0.4154580159600652,MRK
2022-11-22,1.437187248241781,1.3401649359883867,0.2273144165555589,0.588501381142934,1.4333469116238675,16.93351651155346,0.1390645551021586,0.723949200540116,506.1197685199832,0.0324433393233226,0.0791364885117709,0.415631411082408,MRK
2022-11-23,1.437878297008162,1.3414570141067816,0.227822916001238,0.5883670446376931,1.4325267998069742,16.894482440239543,0.1390843498063737,0.7232241670756065,506.5807721950149,0.032378824721619,0.0789500414674704,0.4157993876071775,MRK
2022-11-25,1.438547750500594,1.342708714783977,0.2283155248392396,0.5882369061482409,1.4317323164843587,16.856668183654186,0.139103525926082,0.7225217909068629,507.02736950520176,0.0323163262012187,0.0787694208933044,0.415962114865548,MRK
2022-11-28,1.4391962835713874,1.3439212998150094,0.2287927396510536,0.5881108344865841,1.430962660765575,16.82003562258712,0.1391221027920495,0.7218413639933925,507.4600106494453,0.0322557807595808,0.078594444712081,0.4161197568970945,MRK
2022-11-29,1.4398245499837186,1.3450959915638223,0.2292550414999984,0.5879887025643541,1.4302170567880033,16.784547829053402,0.1391400991309555,0.721182200420968,507.8791317579313,0.0321971273629941,0.0784249365365208,0.4162724726151551,MRK
2022-11-30,1.4404331830706645,1.3462339741954847,0.2297028964161638,0.5878703872646938,1.4294947529347306,16.750169029067614,0.1391575330842707,0.720543635710182,508.2851553317771,0.0321403068850508,0.0782607254914469,0.4164204159670264,MRK
2022-12-01,1.4410227963736433,1.3473363948699075,0.2301367558661989,0.5877557693181479,1.4287950210768727,16.71686456658138,0.1391744222265448,0.7199250261466079,508.6784906689402,0.0320852620470432,0.0781016460415316,0.4165637360891516,MRK
2022-12-02,1.441593984260904,1.348404364898255,0.2305570572084204,0.5876447331824315,1.428117155839573,16.68460086854784,0.1391907835831228,0.7193257481318955,509.0595342768169,0.0320319373602234,0.0779475378244261,0.4167025774574605,MRK
2022-12-05,1.442147322526688,1.349438960863217,0.2309642241336976,0.5875371669259563,1.427460473890939,16.653345411077847,0.1392066336473078,0.7187451975551428,509.4286702719475,0.0319802790698666,0.0777982454891051,0.4168370800330097,MRK
2022-12-06,1.4426833689716658,1.350441225704273,0.2313586670925598,0.5874329621149958,1.4268243132532,16.623066686653793,0.1392219883969869,0.7181827891839135,509.7862707672303,0.0319302351010835,0.077653618539263,0.4169673794030729,MRK
2022-12-07,1.4432026639652382,1.3514121697690464,0.2317407837089575,0.5873320137043779,1.42620803263539,16.59373417236799,0.1392368633107386,0.7176379560742853,510.1326962470355,0.0318817550063249,0.0775135111816034,0.4170936069178217,MRK
2022-12-08,1.4437057309902614,1.3523527718317956,0.2321109591810929,0.5872342199315919,1.4256110107868865,16.56531829915362,0.1392512733834356,0.7171101489993329,510.4682959305968,0.0318347899145275,0.0773777821788706,0.4172158898227346,MRK
2022-12-09,1.4441930771707527,1.353263980080084,0.232469566669724,0.5871394822142054,1.4250326458711489,16.5377904219772,0.1392652331413608,0.7165988358954728,510.7934081240467,0.0317892924818487,0.0772462947074733,0.417334351386869,MRK
2022-12-12,1.4446651937831037,1.3541467130706133,0.2328169676743354,0.5870477050504873,1.424472354859028,16.511122790962542,0.1392787566568508,0.7161035013261082,511.1083605614514,0.0317452168439412,0.0771189162195571,0.4174491110271241,MRK
2022-12-13,1.4451225567513186,1.3550018606551886,0.2331535123975527,0.5869587959231354,1.423929572941036,16.485288523417093,0.1392918575624817,0.7156236459620363,511.4134707351872,0.0317025185697183,0.0769955183093884,0.4175602844286213,MRK
2022-12-14,1.445565627126777,1.355830284877746,0.2334795400981694,0.5868726652060131,1.423403752957981,16.46026157673244,0.1393045490648117,0.7151587860780918,511.7090462159937,0.0316611546165648,0.0768759765839123,0.4176679836613217,MRK
2022-12-15,1.445994851553002,1.3566328208433482,0.2337953794331418,0.5867892260738009,1.4228943648493968,16.43601672213168,0.1393168439576939,0.7147084530655204,511.995384963025,0.0316210832869474,0.0767601705373575,0.4177723172930002,MRK
2022-12-16,1.446410662715908,1.3574102775600256,0.2341013487888964,0.5867083944144704,1.4224008951192058,16.412529519237196,0.1393287546351735,0.714272192959592,512.2727756242116,0.0315822641863805,0.0766479834297574,0.4178733904986887,MRK
2022-12-19,1.4468134797799728,1.358163438754307,0.2343977566022837,0.586630088744494,1.421922846318083,16.389776291433165,0.1393402931039819,0.7138495659819738,512.5414978272362,0.0315446581827064,0.0765393021692699,0.4179713051666995,MRK
2022-12-20,1.4472037088107856,1.3588930636612666,0.2346849016715026,0.5865542301267043,1.4214597365419956,16.36773410199801,0.13935147099564,0.7134401460974061,512.8018224614162,0.031508227366647,0.0764340171981726,0.418066160001335,MRK
2022-12-21,1.4475817431843856,1.359599887789884,0.2349630734573084,0.5864807420907205,1.4210110989464109,16.346380730982702,0.1393622995781838,0.7130435205842313,513.0540119507781,0.0314729350135896,0.0763320223824221,0.4181580506223881,MRK
2022-12-22,1.4479479639838106,1.360284623664482,0.2352325523748077,0.5864095505558613,1.420576481275688,16.325694652811624,0.1393727897675231,0.7126592896183431,513.2983205185974,0.0314387455465651,0.0762332149046637,0.4182470696615333,MRK
2022-12-23,1.4483027403832536,1.360947961542999,0.2354936100761352,0.5863405837564664,1.4201554454071754,16.30565501458339,0.1393829521384455,0.7122870658701389,513.5349944436724,0.0314056245003852,0.0761374951605854,0.4183333068557052,MRK
2022-12-27,1.448646430020214,1.361590570112812,0.2357465097242963,0.5862737721695526,1.4197475669095538,16.28624161504979,0.1393927969352766,0.7119264741140662,513.7642723085888,0.0313735384868984,0.0760447666585095,0.4184168491375592,MRK
2022-12-28,1.4489793793560193,1.3622130971648188,0.2359915062584523,0.5862090484447298,1.4193524346149828,16.267434884251614,0.1394023340822067,0.7115771508503707,513.9863852402266,0.0313424551613331,0.0759549359221234,0.4184977807231053,MRK
2022-12-29,1.4493019240250806,1.36281617024645,0.2362288466509159,0.5861463473363077,1.4189696502046172,16.24921586379088,0.1394115731932953,0.7112387439386657,514.2015571427506,0.0313123431896916,0.0758679123962494,0.4185761831966031,MRK
2022-12-30,1.4496143891732338,1.3634003972942803,0.236458770156115,0.5860856056375238,1.4185988278070754,16.231566187719547,0.1394205235821624,0.7109109122429514,514.4100049233208,0.031283172217164,0.075783608355559,0.418652135592804,MRK
2023-01-03,1.450368335319978,1.3657088384557146,0.2347807871924329,0.5858350832645758,1.4171442098589473,16.22273399967246,0.1390228434697618,0.7092128366092384,515.7071075619174,0.0311695571454729,0.0754660435522004,0.4184142142333559,MRK
2023-01-04,1.4510987206496369,1.3679451408308536,0.2331552411963659,0.5855923897157824,1.4157350487216984,16.214177817501845,0.1386375908608737,0.7075678258390788,516.9636757430578,0.0310594925447721,0.0751584026489468,0.4181837279163906,MRK
2023-01-05,1.4518062814377437,1.3701115587567696,0.231580493512676,0.5853572803403888,1.4143699238699885,16.20588901602406,0.1382643773960134,0.7059742216554867,518.1809761685377,0.0309528674628433,0.0748603755239198,0.4179604442968304,MRK
2023-01-06,1.4524917309512222,1.3722102761225008,0.2300549566941014,0.5851295181329763,1.4130474591698945,16.197859239592457,0.1379028268519299,0.7044304176026319,519.3602359557212,0.0308495744147247,0.0745716617465499,0.4177441382903814,MRK
2023-01-09,1.4531557601674046,1.3742434085705528,0.2285770929011072,0.5849088734945455,1.4117663214916785,16.190080393674343,0.1375525747623491,0.7029348574264288,520.5026438745554,0.0307495092743598,0.0742919702747228,0.417534591846634,MRK
2023-01-10,1.453799038470581,1.3762130056296034,0.2271454123516441,0.5846951240010655,1.4105252193659066,16.18254463669117,0.1372132680505676,0.701486033505732,521.6093515459258,0.0306525711696314,0.0740210191613903,0.4173315937292537,MRK
2023-01-11,1.454422214326783,1.3781210527805583,0.2257584718193518,0.5844880541792569,1.4093229016815652,16.175244372113717,0.1368845646735293,0.700082485332557,522.681474602566,0.0305586623806756,0.0737585352703495,0.4171349393030415,MRK
2023-01-12,1.4550259159374792,1.3799694734580463,0.2244148731786935,0.5842874552893798,1.4081581564248593,16.16817224080431,0.1365661332770235,0.6987227980397938,523.7200938136862,0.0304676882413748,0.0735042540009037,0.4169444303276485,MRK
2023-01-13,1.455610751872841,1.3817601309893626,0.2231132619955558,0.5840931251148113,1.4070298094574256,16.161321113598323,0.1362576528616585,0.6974056009749293,524.7262561744589,0.0303795570439271,0.073257919021128,0.4167598747577364,MRK
2023-01-17,1.4561773116852226,1.3834948304728252,0.2218523261618912,0.583904867758198,1.4059367233327242,16.154684084117523,0.1359588124592736,0.696129566318342,525.7009759614574,0.0302941799463997,0.0730192820094703,0.4165810865493842,MRK
2023-01-18,1.4567261665034674,1.3851753205974295,0.2206307945730286,0.583722493443979,1.4048777961494197,16.148254461807998,0.1356693108194633,0.6948934077447729,526.6452357551123,0.0302114708831699,0.072788102404427,0.4164078854725429,MRK
2023-01-19,1.457257869608642,1.38680329540564,0.219447435846318,0.5835458183270793,1.4038519604405937,16.142025765195648,0.135388856105897,0.693695879126628,527.5599874302154,0.0301313464781661,0.0725641471620412,0.416240096929353,MRK
2023-01-20,1.45777295699178,1.388380396001094,0.2183010570798171,0.5833746643075827,1.402858182097668,16.135991715352432,0.1351171656021297,0.6925357732778,528.4461531154716,0.0300537259608187,0.0723471905209801,0.4160775517781377,MRK
2023-01-23,1.4582719478941948,1.3899082122029398,0.2171905026497693,0.5832088588511953,1.4018954593279591,16.13014622956682,0.1348539654266051,0.691411920736748,529.3046261230635,0.0299785310846384,0.072137013774952,0.4159200861628979,MRK
2023-01-24,1.4587553453309092,1.391388284148478,0.2161146530456605,0.5830482348153201,1.4009628216448036,16.124483415212005,0.1345989902565657,0.6903231885876038,530.1362718491682,0.0299056860483387,0.0719334050522374,0.4157675413481344,MRK
2023-01-25,1.4592236365977262,1.3928221038457185,0.2150724237416801,0.5828926302805659,1.400059328889247,16.118997563805777,0.13435198306059,0.6892684793181203,530.9419286463321,0.0298351174194234,0.0717361591021076,0.4156197635588322,MRK
2023-01-26,1.4596772937624551,1.39421111667742,0.2140627641034491,0.5827418883875228,1.3991840702823009,16.113683145255994,0.1341126948394885,0.6882467297133082,531.7224086685846,0.0297667540601617,0.0715450770879193,0.4154766038254456,MRK
2023-01-27,1.4601167741407863,1.395556722858131,0.2130846563289129,0.5825958571786374,1.398336163506822,16.10853480228589,0.1338808843752965,0.6872569097836465,532.4784986901418,0.0297005270558769,0.0713599663866744,0.4153379178337275,MRK
2023-01-30,1.4605425207572946,1.3968602788456943,0.2121371144223309,0.5824543894450296,1.397514753818077,16.103547345033608,0.1336563179881104,0.6862980217267868,533.2109608985252,0.029636369645476,0.0711806403948435,0.4152035657792505,MRK
2023-01-31,1.460954962792037,1.3981230987086468,0.2112191832003296,0.5823173425780971,1.3967190131821052,16.098715745820456,0.1334387693005239,0.6853690989217038,533.9205336628966,0.0295742171541502,0.0710069183402572,0.4150734122264759,MRK
2023-02-01,1.4613545160131938,1.399346455450882,0.2103299373290157,0.5821845784257562,1.3959481394410076,16.094035134082716,0.1332280190094245,0.6844692049542798,534.6079322783814,0.0295140069281782,0.0708386250998768,0.4149473259722255,MRK
2023-02-02,1.4617415831961893,1.400531582294922,0.2094684803911805,0.582055963153176,1.3952013555043192,16.08950079146178,0.133023854664922,0.6835974326733377,535.2738496871323,0.0294556782717679,0.0706755910232582,0.4148251799134205,MRK
2023-02-03,1.4621165545297163,1.401679673925086,0.2086339439826526,0.5819313671078639,1.3944779085656525,16.085108147047748,0.1328260704561852,0.6827529032761751,535.9189571768597,0.0293991723858705,0.070517651761534,0.4147068509189531,MRK
2023-02-06,1.4624798080090706,1.402791887691807,0.2078254868368912,0.5818106646889678,1.393777069343819,16.080852772771653,0.1326344670039713,0.6819347654226738,536.5439050575333,0.0293444323089073,0.0703646481017386,0.4145922197055628,MRK
2023-02-07,1.462831709817195,1.4038693447783182,0.2070422939769349,0.5816937342206622,1.3930981313476678,16.076730378941686,0.1324488511596392,0.6811421943770944,537.1493233169358,0.0292914028593492,0.0702164258063119,0.414481170717591,MRK
2023-02-08,1.4631726146938155,1.4049131313308758,0.2062835758938522,0.5815804578294911,1.3924404101638963,16.072736809918908,0.1322690358104424,0.6803743911766894,537.7358222557318,0.0292400305800898,0.0700728354576173,0.4143735920104933,MRK
2023-02-09,1.4635028662930418,1.405924299553666,0.2055485677508658,0.5814707213255441,1.3918032427671176,16.06886803992809,0.132094839690908,0.6796305818262971,538.3039931026906,0.0291902636845573,0.0699337323073193,0.4142693751379924,MRK
2023-02-10,1.4638227975297922,1.406903868769494,0.2048365286123477,0.5813644140873455,1.3911859868514884,16.06512016899949,0.1319260872001091,0.6789100165181046,538.854408610682,0.0291420520045101,0.0697989761304682,0.4141684150427571,MRK
2023-02-13,1.4641327309153942,1.4078528264473276,0.2041467406969084,0.5812614289503406,1.3905880201832226,16.061489419037404,0.1317626082246476,0.678211968875793,539.3876236340484,0.0290953469394644,0.0696684310841437,0.414070609950498,MRK
2023-02-14,1.464432978882696,1.4087721291977289,0.2034785086538265,0.5811616620988671,1.39000873997334,16.057972130011635,0.1316042379671693,0.6775357352223037,539.9041756879346,0.0290501014077015,0.0695419655705168,0.4139758612673719,MRK
2023-02-15,1.4647238441010195,1.4096627037371798,0.2028311588620909,0.5810650129615021,1.3894475622700164,16.05456475626792,0.1314508167802373,0.6768806338704859,540.4045854901369,0.0290062697988061,0.0694194521041907,0.4138840734805936,MRK
2023-02-16,1.4650056197812709,1.410525447822273,0.2022040387513471,0.5809713841096799,1.3889039213699217,16.051263862953697,0.1313021900053968,0.6762460044359124,540.8893574860206,0.0289638079276886,0.0693007671836874,0.413795154062152,MRK
2023-02-17,1.4652785899715142,1.4113612311547072,0.201596516144064,0.580880681159477,1.3883772692479548,16.048066122555543,0.1311582078172701,0.6756312071711694,541.3589803570328,0.0289226729900436,0.0691857911669498,0.4137090133755368,MRK
2023-02-21,1.4655430298433123,1.4121708962580029,0.2010079786182585,0.580792812676468,1.3878670750047994,16.04496831154483,0.1310187250725224,0.6750356223209496,541.8139275133258,0.0288828235192,0.0690744081507352,0.4136255645853783,MRK
2023-02-22,1.4657992059691167,1.4129552593268204,0.2004378328901345,0.5807076900835529,1.3873728243317427,16.041967307128203,0.130883601163548,0.6744586494972992,542.2546575709846,0.0288442193443203,0.0689665058537773,0.4135447235699122,MRK
2023-02-23,1.4660473765909898,1.4137151110497377,0.1998855042160143,0.5806252275716666,1.386894018992219,16.039060084099596,0.1307526998767291,0.6738997070743877,542.6816148143416,0.0288068215499056,0.0688619755035994,0.4134664088361794,MRK
2023-02-24,1.4662877918809294,1.4144512174063133,0.1993504358129603,0.5805453420132767,1.3864301763195552,16.036243711790632,0.1306258892551232,0.6733582316021923,543.0952296438438,0.0287705924365663,0.0687607117268645,0.4133905414378758,MRK
2023-02-27,1.4665206941930582,1.415164320439246,0.1988320882975019,0.5804679528785864,1.3859808287304125,16.033515351116325,0.1305030414654426,0.6728336772385031,543.4959190099241,0.0287354954830189,0.0686626124431526,0.4133170448957692,MRK
2023-02-28,1.466746318307933,1.4158551390024,0.1983299391419014,0.5803929821543552,1.3855455232534302,16.030872251713088,0.1303840326691895,0.6723255151986791,543.8840868333143,0.0287014953092698,0.0685675787620567,0.4132458451206034,MRK
